run,start_time_min,end_time_min,jar_ID,dry_jar_mass_g,wet_jar_mass_g,water_mass_g,water_temp_C
1,0,1,1,393.3,835.6,442.3,21.7
1,1,2,2,392.9,1160.1,767.2,22
1,2,3,3,394.4,1164,769.6,22.3
1,3,4,4,393,1195.9,802.9,22.2
1,4,5,5,394.4,1161,766.6,22.1
1,5,6,6,393.3,1215.9,822.6,22.4
1,6,7,7,393.3,1159.1,765.8,22.7
1,7,8,8,393,1172.8,779.8,22.6
1,8,9,9,393.4,1162.9,769.5,22.7
1,9,10,10,393.2,1168,774.8,21.9
1,10,11,11,394.4,1156.6,762.2,22.4
1,11,12,12,393.1,1163.5,770.4,22.5
1,12,13,13,392.4,1156.2,763.8,22.9
1,13,14,14,393.9,1173.9,780,22.6
1,14,15,15,393.4,1190.3,796.9,22.4
1,15,16,16,393.2,1165.9,772.7,22.1
1,16,17,17,394,1189.5,795.5,21.8
1,17,18,18,393,1169.1,776.1,22.1
1,18,19,19,392.3,1146.9,754.6,22.1
1,19,20,20,392.9,1177.1,784.2,21.8
1,20,21,21,393.4,1141.3,747.9,22.1
1,21,22,22,393.3,1107.2,713.9,22.1
1,22,23,23,393.3,1139.9,746.6,22.3
1,23,24,24,393.1,1157.1,764,22.4
1,24,25,25,394.3,1130.6,736.3,22.1
1,25,26,26,392.7,1146,753.3,21.8
1,26,27,27,394.2,1132.9,738.7,22
1,27,28,28,394.3,1167,772.7,22
1,28,29,29,394.4,1132.5,738.1,22
1,29,30,30,394,1157.1,763.1,21.8
2,0,1,1,393.3,870.2,476.9,17
2,1,2,2,392.9,1199.6,806.7,23.8
2,2,3,3,394.4,1184.4,790,NA
2,3,4,4,393,1201.5,808.5,NA
2,4,5,5,394.4,1231.4,837,NA
2,5,6,6,393.3,1201.6,808.3,NA
2,6,7,7,393.3,1212.4,819.1,NA
2,7,8,8,393,1231,838,NA
2,8,9,9,393.4,1203.8,810.4,NA
2,9,10,10,393.2,1228.5,835.3,NA
2,10,11,11,394.4,1173.7,779.3,NA
2,11,12,12,393.1,1193.5,800.4,NA
2,12,13,13,392.4,1222.9,830.5,NA
2,13,14,14,393.9,1186.6,792.7,NA
2,14,15,15,393.4,1197.4,804,NA
2,15,16,16,393.2,1210.2,817,NA
2,16,17,17,394,1195,801,NA
2,17,18,18,393,1173.3,780.3,NA
2,18,19,19,392.3,1166.3,774,NA
2,19,20,20,392.9,1260.6,867.7,NA
2,20,21,21,393.4,1120.8,727.4,NA
2,21,22,22,393.3,1202.6,809.3,NA
2,22,23,23,393.3,1168.2,774.9,NA
2,23,24,24,393.1,1195.5,802.4,NA
2,24,25,25,394.3,1222.3,828,NA
2,25,26,26,392.7,1131.4,738.7,NA
2,26,27,27,394.2,1190.6,796.4,NA
2,27,28,28,394.3,1154.2,759.9,NA
2,28,29,29,394.4,1171.6,777.2,NA
2,29,30,30,394,1155.7,761.7,NA
3,0,1,1,393.3,880.3,487,22.8
3,1,2,2,392.9,1141.7,748.8,23.4
3,2,3,3,394.4,1155.3,760.9,23.6
3,3,4,4,393,1143.7,750.7,23.6
3,4,5,5,394.4,1145.3,750.9,23.6
3,5,6,6,393.3,1120.4,727.1,23.7
3,6,7,7,393.3,1119.1,725.8,23.9
3,7,8,8,393,1102.5,709.5,23.9
3,8,9,9,393.4,1126.4,733,24
3,9,10,10,393.2,1162.5,769.3,23.9
3,10,11,11,394.4,1130.5,736.1,23.7
3,11,12,12,393.1,1129.1,736,24
3,12,13,13,392.4,1251.6,859.2,24
3,13,14,14,393.9,1015.9,622,24
3,14,15,15,393.4,1126.7,733.3,23.8
3,15,16,16,393.2,1131.6,738.4,24.4
3,16,17,17,394,1107.6,713.6,24.6
3,17,18,18,393,1136.5,743.5,24.7
3,18,19,19,392.3,1128,735.7,24.8
3,19,20,20,392.9,1120.2,727.3,24.7
3,20,21,21,393.4,1123.4,730,24.9
3,21,22,22,393.3,1102.2,708.9,25
3,22,23,23,393.3,1094,700.7,25.1
3,23,24,24,393.1,1128.1,735,25.2
3,24,25,25,394.3,1129.2,734.9,25.1
3,25,26,26,392.7,1120,727.3,25
3,26,27,27,394.2,1113.8,719.6,25.2
3,27,28,28,394.3,1123.8,729.5,25.3
3,28,29,29,394.4,1125.2,730.8,25.3
3,29,30,30,394,1125.7,731.7,25.2
4,0,1,1,393.3,834.1,440.8,25.2
4,1,2,2,392.9,1128.4,735.5,25.8
4,2,3,3,394.4,1123.6,729.2,26.1
4,3,4,4,393,1143.1,750.1,26.3
4,4,5,5,394.4,1111.7,717.3,26.1
4,5,6,6,393.3,1118.4,725.1,26.3
4,6,7,7,393.3,1120.2,726.9,26.6
4,7,8,8,393,1127.3,734.3,26.7
4,8,9,9,393.4,1124.6,731.2,6.7
4,9,10,10,393.2,1129.4,736.2,26.4
4,10,11,11,394.4,1109.3,714.9,26.3
4,11,12,12,393.1,1129.9,736.8,26.6
4,12,13,13,392.4,1086.5,694.1,26.6
4,13,14,14,393.9,1127.7,733.8,26.6
4,14,15,15,393.4,1098,704.6,26.4
4,15,16,16,393.2,1111.9,718.7,26.6
4,16,17,17,394,1091.5,697.5,26.7
4,17,18,18,393,1115.2,722.2,26.7
4,18,19,19,392.3,1123.4,731.1,26.7
4,19,20,20,394.2,1119.9,725.7,26.5
4,20,21,21,393.4,1108.7,715.3,26.7
4,21,22,22,393.3,1109.7,716.4,26.9
4,22,23,23,393.3,1115.9,722.6,26.9
4,23,24,24,393.1,1102,708.9,26.9
4,24,25,25,394.3,1118.8,724.5,26.7
4,25,26,26,392.7,1090.2,697.5,26.6
4,26,27,27,394.2,1121.8,727.6,26.7
4,27,28,28,394.3,1090.3,696,26.8
4,28,29,29,394.4,1125.4,731,26.8
4,29,30,30,394,1104.1,710.1,26.6
5,0,1,1,393.3,815.4,422.1,2.7
5,1,2,2,392.9,1111.6,718.7,23
5,2,3,3,394.4,1140.7,746.3,23.2
5,3,4,4,393,1135.4,742.4,3.3
5,4,5,5,394.4,1121.4,727,23.3
5,5,6,6,393.3,1136.7,743.4,23.3
5,6,7,7,393.3,1095.2,701.9,23.5
5,7,8,8,393,1114.4,721.4,23.5
5,8,9,9,393.4,1111.7,718.3,23.5
5,9,10,10,393.2,1120.2,727,23.4
5,10,11,11,394.4,1108.8,714.4,23.4
5,11,12,12,393.1,1103.7,710.6,23.5
5,12,13,13,392.4,1105.4,713,23.5
5,13,14,14,393.9,1116.2,722.3,23.5
5,14,15,15,393.4,1118,724.6,23.4
5,15,16,16,393.2,1148.6,755.4,23.7
5,16,17,17,394,1047.8,653.8,23.8
5,17,18,18,393,1091.9,698.9,23.8
5,18,19,19,392.3,1103.6,711.3,23.8
5,19,20,20,394.2,1093.9,699.7,23.7
5,20,21,21,393.4,1113.6,720.2,23.8
5,21,22,22,393.3,1129.4,736.1,23.9
5,22,23,23,393.3,1111,717.7,3.9
5,23,24,24,393.1,1101.8,708.7,23.9
5,24,25,25,394.3,1121.2,726.9,23.9
5,25,26,26,392.7,1126.7,734,23.9
5,26,27,27,394.2,1095.3,701.1,24
5,27,28,28,394.3,1117.2,722.9,24.1
5,28,29,29,394.4,1135.4,741,24.1
5,29,30,30,394,1103.3,709.3,24
6,0,1,1,393.3,812.3,419,24.3
6,1,2,2,392.9,1177.6,784.7,24.5
6,4,5,5,394.4,1161.9,767.5,24.8
6,5,6,6,393.3,1144.9,751.6,25
6,6,7,7,393.3,1128,734.7,25.2
6,7,8,8,393,1145.9,752.9,25.3
6,8,9,9,393.4,1144.6,751.2,25.2
6,9,10,10,393.2,1136.9,743.7,25.1
6,10,11,11,394.4,1134.2,739.8,25.1
6,11,12,12,393.1,1144,750.9,25.2
6,12,13,13,392.4,1154.6,762.2,25.2
6,13,14,14,393.9,1136.9,743,25.2
6,14,15,15,393.4,1148.9,755.5,25.1
6,15,16,16,393.2,1130.5,737.3,24.9
6,16,17,17,394,1139.4,745.4,25
6,17,18,18,393,1139.6,746.6,25
6,18,19,19,392.3,1167.9,775.6,25
6,19,20,20,394.2,1148.4,754.2,24.9
6,20,21,21,393.4,1110,716.6,25
6,21,22,22,393.3,1149.3,756,25
6,22,23,23,393.3,1162.6,769.3,25
6,23,24,24,393.1,1148.6,755.5,25
6,24,25,25,394.3,1144.9,750.6,25
6,25,26,26,392.7,1148.4,755.7,24.9
6,26,27,27,394.2,1170.1,775.9,25
6,27,28,28,394.3,1175.1,780.8,25
6,28,29,29,394.4,1172.3,777.9,25
6,29,30,30,394,1164.2,770.2,24.9
7,0,1,1,393.3,867.7,474.4,25.4
7,1,2,2,392.9,1130.3,737.4,25.6
7,3,4,4,393,1125.4,732.4,25.7
7,4,5,5,394.4,1126.9,732.5,25.7
7,5,6,6,393.3,1104.5,711.2,25.9
7,6,7,7,393.3,1138.3,745,26.1
7,7,8,8,393,1134.1,741.1,26.1
7,8,9,9,393.4,1130.9,737.5,26.1
7,9,10,10,393.2,1146,752.8,25.9
7,10,11,11,394.4,1121.8,727.4,25.7
7,11,12,12,393.1,1130.8,737.7,25.9
7,12,13,13,392.4,1110.5,718.1,25.9
7,13,14,14,393.9,1135.7,741.8,25.9
7,14,15,15,393.4,1143.9,750.5,25.8
7,15,16,16,393.2,1127.9,734.7,25.6
7,16,17,17,394,1130.3,736.3,25.7
7,19,20,20,394.2,1120,725.8,25.5
7,20,21,21,393.4,1121.7,728.3,25.7
7,21,22,22,393.3,1116.8,723.5,25.8
7,22,23,23,393.3,1107.3,714,25.8
7,23,24,24,393.1,1113.5,720.4,25.8
7,24,25,25,394.3,1123.8,729.5,25.7
7,25,26,26,392.7,1109.1,716.4,25.6
7,26,27,27,394.2,1122.5,728.3,25.7
7,27,28,28,394.3,1108.9,714.6,25.7
7,28,29,29,394.4,1111.2,716.8,25.7
7,29,30,30,394,1114.8,720.8,25.6
8,0,1,1,393.3,856.1,462.8,25.2
8,1,2,2,392.9,1143.2,750.3,25.5
8,2,3,3,394.4,1143.9,749.5,25.7
8,3,4,4,393,1107.4,714.4,25.8
8,5,6,6,393.3,1128.6,735.3,25.7
8,6,7,7,393.3,1122.5,729.2,25.9
8,7,8,8,393,1133.8,740.8,26
8,8,9,9,393.4,1135,741.6,26
8,9,10,10,393.2,1116.5,723.3,25.8
8,10,11,11,394.4,1124.7,730.3,25.7
8,11,12,12,393.1,1130.9,737.8,25.8
8,12,13,13,392.4,1105.9,713.5,25.9
8,13,14,14,393.9,1110.6,716.7,25.8
8,14,15,15,393.4,1121,727.6,25.8
8,15,16,16,393.2,1110.7,717.5,25.8
8,16,17,17,394,1126.8,732.8,25.9
8,17,18,18,393,1115.3,722.3,26
8,18,19,19,392.3,1125.8,733.5,26
8,19,20,20,394.2,1141.8,747.6,25.8
8,20,21,21,393.4,1114.6,721.2,26
8,21,22,22,393.3,1115,721.7,26.1
8,22,23,23,393.3,1131.9,738.6,26.1
8,23,24,24,393.1,1124.8,731.7,26.1
8,24,25,25,394.3,1122.5,728.2,26
8,25,26,26,392.7,1097.6,704.9,26
8,26,27,27,394.2,1157.6,763.4,26
8,27,28,28,394.3,1125.1,730.8,25.9
8,28,29,29,394.4,1124.6,730.2,25.9
8,29,30,30,394,1118.6,724.6,25.8
9,0,1,1,393.3,856,462.7,25.3
9,1,2,2,392.9,1145.6,752.7,25.6
9,2,3,3,394.4,1173.5,779.1,25.7
9,3,4,4,393,1162.4,769.4,25.7
9,4,5,5,394.4,1156.1,761.7,25.6
9,5,6,6,393.3,1125.4,732.1,25.7
9,6,7,7,393.3,1133.1,739.8,25.9
9,7,8,8,393,1145.4,752.4,26
9,8,9,9,393.4,1150.1,756.7,25.9
9,9,10,10,393.2,1132.1,738.9,25.8
9,10,11,11,394.4,1118,723.6,25.7
9,11,12,12,393.1,1144.5,751.4,25.7
9,12,13,13,392.4,1128,735.6,25.8
9,13,14,14,393.9,1155.1,761.2,25.9
9,14,15,15,393.4,1163.8,770.4,25.8
9,15,16,16,393.2,1128.3,735.1,25
9,16,17,17,394,1155.3,761.3,25.1
9,17,18,18,393,1146.1,753.1,25.5
9,18,19,19,392.3,1175.3,783,25.1
9,19,20,20,394.2,1091.3,697.1,24.9
9,20,21,21,393.4,1186.3,792.9,25
9,21,22,22,393.3,1059.1,665.8,25.1
9,22,23,23,393.3,1080.1,686.8,25.2
9,23,24,24,393.1,1139,745.9,25.2
9,24,25,25,394.3,1127.8,733.5,25.2
9,25,26,26,392.7,1112.8,720.1,25
9,26,27,27,394.2,1112.8,718.6,25.1
9,27,28,28,394.3,1140.4,746.1,25.1
9,28,29,29,394.4,1122.1,727.7,25.1
9,29,30,30,394,1140.9,746.9,25.1
10,0,1,1,393.3,842.5,449.2,22.4
10,1,2,2,392.9,1158.6,765.7,22.8
10,2,3,3,394.4,1136.1,741.7,22.9
10,3,4,4,393,1154.9,761.9,23
10,4,5,5,394.4,1144.6,750.2,22.9
10,5,6,6,393.3,1132.6,739.3,23
10,6,7,7,393.3,1135.4,742.1,23.2
10,7,8,8,393,1123.4,730.4,23.3
10,8,9,9,393.4,1127,733.6,23.3
10,9,10,10,393.2,1134,740.8,23.2
10,10,11,11,394.4,1136.4,742,23.1
10,11,12,12,393.1,1116.1,723,23.3
10,12,13,13,392.4,1106.9,714.5,23.3
10,13,14,14,393.9,1150.5,756.6,23.3
10,14,15,15,393.4,1083.5,690.1,23.1
10,15,16,16,393.2,1141.1,747.9,23
10,16,17,17,394,1123.3,729.3,23.1
10,17,18,18,393,1141.3,748.3,23.1
10,18,19,19,392.3,1115.7,723.4,23.2
10,19,20,20,394.2,1127.7,733.5,23.1
10,20,21,21,393.4,1151.5,758.1,23.3
10,21,22,22,393.3,1125.6,732.3,23.4
10,22,23,23,393.3,1119.2,725.9,23.4
10,23,24,24,393.1,1141,747.9,23.4
10,24,25,25,394.3,1114.1,719.8,23.3
10,25,26,26,392.7,1112.1,719.4,23.3
10,26,27,27,394.2,1108.1,713.9,23.4
10,27,28,28,394.3,1128.4,734.1,23.4
10,28,29,29,394.4,1105,710.6,23.5
10,29,30,30,394,1122.5,728.5,23.4
11,0,1,1,393.3,834.3,441,15.2
11,1,2,2,392.9,1131.2,738.3,14.9
11,2,3,3,394.4,1127.6,733.2,14.8
11,3,4,4,393,1147,754,14.7
11,4,5,5,394.4,1153.7,759.3,14.7
11,5,6,6,393.3,1126.8,733.5,14.7
11,6,7,7,393.3,1134.5,741.2,14.6
11,7,8,8,393,1134.7,741.7,14.5
11,8,9,9,393.4,1135.5,742.1,14.6
11,9,10,10,393.2,1139.9,746.7,14.6
11,10,11,11,394.4,1114.5,720.1,14.6
11,11,12,12,393.1,1115.6,722.5,14.6
11,12,13,13,392.4,1121.2,728.8,14.5
11,13,14,14,393.9,1125.1,731.2,14.5
11,14,15,15,393.4,1141.4,748,14.6
11,15,16,16,393.2,1119.3,726.1,14.7
11,16,17,17,394,1106.4,712.4,14.6
11,17,18,18,393,1120.3,727.3,14.5
11,18,19,19,392.3,1117,724.7,14.5
11,19,20,20,394.2,1131.3,737.1,14.6
11,20,21,21,393.4,1103.2,709.8,14.6
11,21,22,22,393.3,1126.2,732.9,14.5
11,22,23,23,393.3,1104.3,711,14.5
11,23,24,24,393.1,1118.9,725.8,14.5
11,24,25,25,394.3,1128.7,734.4,14.6
11,25,26,26,392.7,1123.6,730.9,14.5
11,26,27,27,394.2,1112.2,718,14.5
11,27,28,28,394.3,1119.8,725.5,14.5
11,28,29,29,394.4,1105.4,711,14.5
11,29,30,30,394,1119.3,725.3,14.5
12,0,1,1,393.3,789.6,396.3,14.4
12,1,2,2,392.9,1112.8,719.9,14.3
12,2,3,3,394.4,1121.1,726.7,14.3
12,3,4,4,393,1142.8,749.8,14.2
12,4,5,5,394.4,1116.3,721.9,14.4
12,5,6,6,393.3,1128.6,735.3,14.3
12,6,7,7,393.3,1129.5,736.2,14.2
12,7,8,8,393,1123.5,730.5,14.1
12,8,9,9,393.4,1130,736.6,14.1
12,9,10,10,393.2,1133.8,740.6,14.2
12,10,11,11,394.4,1142.7,748.3,14.3
12,11,12,12,393.1,1113.7,720.6,14.2
12,12,13,13,392.4,1132.5,740.1,14.2
12,13,14,14,393.9,1144.9,751,14.2
12,14,15,15,393.4,1136.3,742.9,14.3
12,15,16,16,393.2,1119,725.8,14.4
12,16,17,17,394,1139.8,745.8,14.3
12,17,18,18,393,1115.9,722.9,14.2
12,18,19,19,392.3,1132.7,740.4,14.2
12,19,20,20,394.2,1124.6,730.4,14.3
12,20,21,21,393.4,1117.8,724.4,14.2
12,21,22,22,393.3,1133.5,740.2,14.1
12,22,23,23,393.3,1123.4,730.1,14.1
12,23,24,24,393.1,1115.9,722.8,14.1
12,24,25,25,394.3,1126.8,732.5,14.2
12,25,26,26,392.7,1108.8,716.1,14.1
12,26,27,27,394.2,1126.5,732.3,14
12,27,28,28,394.3,1127.1,732.8,14.1
12,28,29,29,394.4,1114.6,720.2,14.1
12,29,30,30,394,1125.3,731.3,14.1
13,0,1,1,393.3,584.1,190.8,16.2
13,1,2,2,392.9,825.7,432.8,15.8
13,2,3,3,394.4,839.4,445,15.7
13,3,4,4,393,831,438,15.6
13,4,5,5,394.4,848.2,453.8,15.7
13,5,6,6,393.3,837.7,444.4,15.7
13,6,7,7,393.3,839,445.7,15.5
13,7,8,8,393,850.5,457.5,15.4
13,8,9,9,393.4,832.7,439.3,15.5
13,9,10,10,393.2,835.8,442.6,15.5
13,10,11,11,394.4,828.9,434.5,15.7
13,11,12,12,393.1,835.7,442.6,15.6
13,12,13,13,392.4,836,443.6,15.5
13,13,14,14,393.9,837.9,444,15.5
13,14,15,15,393.4,837.2,443.8,15.6
13,15,16,16,393.2,827.4,434.2,15.7
13,16,17,17,394,833.7,439.7,15.5
13,17,18,18,393,831.8,438.8,15.5
13,18,19,19,392.3,832.7,440.4,15.5
13,19,20,20,394.2,832.6,438.4,15.6
13,20,21,21,393.4,830.3,436.9,15.5
13,21,22,22,393.3,826.6,433.3,15.4
13,22,23,23,393.3,842.4,449.1,15.4
13,23,24,24,393.1,840.4,447.3,15.4
13,24,25,25,394.3,838.3,444,15.5
13,25,26,26,392.7,834.5,441.8,15.5
13,26,27,27,394.2,828.7,434.5,15.5
13,27,28,28,394.3,843.3,449,15.5
13,28,29,29,394.4,830.3,435.9,15.5
13,29,30,30,394,843.5,449.5,15.5
14,0,1,1,393.3,562.6,169.3,17.8
14,1,2,2,392.9,825.3,432.4,17.2
14,2,3,3,394.4,833.7,439.3,17.1
14,3,4,4,393,823.4,430.4,17
14,4,5,5,394.4,834.5,440.1,17.1
14,5,6,6,393.3,813.2,419.9,17
14,6,7,7,393.3,818.2,424.9,16.8
14,7,8,8,393,824.1,431.1,16.7
14,8,9,9,393.4,826,432.6,16.7
14,9,10,10,393.2,821.7,428.5,16.8
14,10,11,11,394.4,820.2,425.8,16.9
14,11,12,12,393.1,826.8,433.7,16.8
14,12,13,13,392.4,820.2,427.8,16.7
14,13,14,14,393.9,822,428.1,16.7
14,14,15,15,393.4,840.4,447,16.8
14,15,16,16,393.2,817.3,424.1,17
14,16,17,17,394,830,436,16.9
14,17,18,18,393,820.5,427.5,16.9
14,18,19,19,392.3,820.6,428.3,16.9
14,19,20,20,394.2,828.6,434.4,17
14,20,21,21,393.4,807.9,414.5,17
14,21,22,22,393.3,828.7,435.4,16.8
14,22,23,23,393.3,828.7,435.4,16.8
14,23,24,24,393.1,823.4,430.3,16.8
14,24,25,25,394.3,827,432.7,16.9
14,25,26,26,392.7,815.2,422.5,17
14,26,27,27,394.2,823,428.8,16.8
14,27,28,28,394.3,826.9,432.6,16.8
14,28,29,29,394.4,827.9,433.5,16.8
14,29,30,30,394,826,432,16.9
15,0,1,1,393.3,584.7,191.4,17.9
15,1,2,2,392.9,826.5,433.6,17.4
15,2,3,3,394.4,837.1,442.7,17.2
15,3,4,4,393,833,440,17.1
15,4,5,5,394.4,824.3,429.9,17.2
15,5,6,6,393.3,814.1,420.8,16.6
15,6,7,7,393.3,829.6,436.3,16.8
15,7,8,8,393,822.9,429.9,16.7
15,8,9,9,393.4,834.2,440.8,16.8
15,9,10,10,393.2,811.3,418.1,16.9
15,10,11,11,394.4,836.6,442.2,17
15,11,12,12,393.1,823.8,430.7,16.8
15,12,13,13,392.4,816.7,424.3,16.8
15,13,14,14,393.9,826.1,432.2,16.8
15,14,15,15,393.4,832.8,439.4,16.8
15,15,16,16,393.2,808.3,415.1,17
15,16,17,17,394,844.9,450.9,16.8
15,17,18,18,393,813.8,420.8,16.8
15,18,19,19,392.3,823.4,431.1,16.9
15,19,20,20,394.2,810.4,416.2,16.9
15,20,21,21,393.4,825.3,431.9,16.7
15,21,22,22,393.3,820,426.7,16.6
15,22,23,23,393.3,817.8,424.5,16.6
15,23,24,24,393.1,827.8,434.7,16.6
15,24,25,25,394.3,835.1,440.8,16.7
15,25,26,26,392.7,816.7,424,16.8
15,26,27,27,394.2,823.4,429.2,16.7
15,27,28,28,394.3,825.1,430.8,16.6
15,28,29,29,394.4,841.2,446.8,16.6
15,29,30,30,394,805.1,411.1,16.8
16,0,1,1,393.3,528.4,135.1,18.6
16,1,2,2,392.9,824.7,431.8,17.9
16,2,3,3,394.4,818.7,424.3,17.7
16,3,4,4,393,817.1,424.1,17.6
16,4,5,5,394.4,828.4,434,17.6
16,5,6,6,393.3,817.3,424,17.5
16,6,7,7,393.3,816.6,423.3,17.4
16,7,8,8,393,828.1,435.1,17.2
16,8,9,9,393.4,818.9,425.5,17.2
16,9,10,10,393.2,824.4,431.2,17.4
16,10,11,11,394.4,816.3,421.9,17.5
16,11,12,12,393.1,827.4,434.3,17.3
16,12,13,13,392.4,816.7,424.3,17.2
16,13,14,14,393.9,820,426.1,17.2
16,14,15,15,393.4,819.5,426.1,17.3
16,15,16,16,393.2,822.3,429.1,17.5
16,16,17,17,394,806.5,412.5,17.4
16,17,18,18,393,821.4,428.4,17.3
16,18,19,19,392.3,814,421.7,17.3
16,19,20,20,394.2,815.4,421.2,17.4
16,20,21,21,393.4,828.5,435.1,17.2
16,21,22,22,393.3,818.8,425.5,17.1
16,22,23,23,393.3,826.9,433.6,17
16,23,24,24,393.1,817.7,424.6,17
16,24,25,25,394.3,825.7,431.4,17.2
16,25,26,26,392.7,810.1,417.4,17.2
16,26,27,27,394.2,820.5,426.3,17.1
16,27,28,28,394.3,821.7,427.4,17.1
16,28,29,29,394.4,814.9,420.5,17
16,29,30,30,394,830.5,436.5,17.1
17,0,1,1,393.3,553.2,159.9,16.3
17,1,2,2,392.9,813,420.1,15.8
17,2,3,3,394.4,808.4,414,15.6
17,3,4,4,393,821.5,428.5,15.5
17,4,5,5,394.4,813.5,419.1,15.5
17,5,6,6,393.3,791.6,398.3,15.5
17,6,7,7,393.3,819.1,425.8,15.4
17,7,8,8,393,820.7,427.7,15.3
17,8,9,9,393.4,820.2,426.8,15.3
17,9,10,10,393.2,817.7,424.5,15.4
17,10,11,11,394.4,820.6,426.2,15.5
17,11,12,12,393.1,813.3,420.2,15.3
17,12,13,13,392.4,814.6,422.2,15.3
17,13,14,14,393.9,819.6,425.7,15.3
17,14,15,15,393.4,816.7,423.3,15.4
17,15,16,16,393.2,802.5,409.3,15.5
17,16,17,17,394,811.8,417.8,15.4
17,17,18,18,393,824.3,431.3,15.3
17,18,19,19,392.3,817,424.7,15.3
17,19,20,20,394.2,822.3,428.1,15.4
17,20,21,21,393.4,804.6,411.2,15.3
17,21,22,22,393.3,819.7,426.4,15.2
17,22,23,23,393.3,820.1,426.8,15.2
17,23,24,24,393.1,808.9,415.8,15.2
17,24,25,25,394.3,825,430.7,15.3
17,25,26,26,394.2,801.2,407,15.4
17,26,27,27,394.2,820.6,426.4,15.2
17,27,28,28,394.3,819.4,425.1,15.2
17,28,29,29,394.4,814.1,419.7,15.2
17,29,30,30,394,828.2,434.2,15.3
18,0,1,1,393.3,557.5,164.2,19.2
18,1,2,2,392.9,797.6,404.7,18.7
18,2,3,3,394.4,796.6,402.2,18.4
18,3,4,4,393,796.3,403.3,18.2
18,4,5,5,394.4,798.8,404.4,18.2
18,5,6,6,393.3,803.7,410.4,18
18,6,7,7,393.3,799.7,406.4,17.8
18,7,8,8,393,811.4,418.4,17.7
18,8,9,9,393.4,805.8,412.4,17.6
18,9,10,10,393.2,802,408.8,17.8
18,10,11,11,394.4,804.9,410.5,17.8
18,11,12,12,393.1,814.5,421.4,17.7
18,12,13,13,392.4,803.4,411,17.6
18,13,14,14,393.9,804.7,410.8,17.6
18,14,15,15,393.4,806.4,413,17.7
18,15,16,16,393.2,792,398.8,17.9
18,18,19,19,392.3,798,405.7,17.7
18,19,20,20,394.2,800.4,406.2,17.8
18,20,21,21,393.4,804.1,410.7,17.7
18,21,22,22,393.3,794,400.7,17.4
18,22,23,23,393.3,804.2,410.9,17.4
18,23,24,24,393.1,798.3,405.2,17.5
18,24,25,25,394.3,804.7,410.4,17.5
18,25,26,26,394.2,806.1,411.9,17.6
18,26,27,27,394.2,806.2,412,17.5
18,27,28,28,394.3,806.9,412.6,17.4
18,28,29,29,394.4,799.9,405.5,17.5
18,29,30,30,394,801.3,407.3,17.6
19,0,1,1,393.3,578.9,185.6,15.4
19,1,2,2,392.9,807,414.1,15.1
19,2,3,3,394.4,817,422.6,15
19,4,5,5,394.4,826,431.6,15
19,5,6,6,393.3,830.5,437.2,15.1
19,6,7,7,393.3,803.7,410.4,15
19,7,8,8,393,821.3,428.3,14.9
19,8,9,9,393.4,825,431.6,14.9
19,9,10,10,393.2,831.5,438.3,14.9
19,10,11,11,394.4,808.4,414,14.9
19,11,12,12,393.1,820.1,427,14.9
19,12,13,13,392.4,818,425.6,14.8
19,13,14,14,393.9,817.5,423.6,14.8
19,14,15,15,393.4,839.8,446.4,14.9
19,15,16,16,393.2,805.5,412.3,14.9
19,16,17,17,394,822.5,428.5,14.9
19,17,18,18,393,826.7,433.7,14.8
19,18,19,19,392.3,803.6,411.3,14.7
19,19,20,20,394.2,819.2,425,14.9
19,20,21,21,393.4,824,430.6,14.7
19,21,22,22,393.3,805.1,411.8,14.6
19,22,23,23,393.3,824.4,431.1,14.7
19,23,24,24,393.1,830.1,437,14.6
19,24,25,25,394.3,818.3,424,14.8
19,25,26,26,394.2,820.4,426.2,14.7
19,26,27,27,394.2,810.6,416.4,14.6
19,27,28,28,394.3,820.6,426.3,14.6
19,28,29,29,394.4,817.2,422.8,14.6
19,29,30,30,394,818.9,424.9,14.7
20,0,1,1,393.3,567.8,174.5,17.6
20,1,2,2,392.9,819.6,426.7,17.1
20,2,3,3,394.4,822.5,428.1,16.9
20,3,4,4,393.6,819.5,425.9,16.8
20,4,5,5,394.4,809.6,415.2,16.9
20,5,6,6,393.3,825.4,432.1,16.7
20,6,7,7,393.3,822.7,429.4,16.6
20,7,8,8,393,817.1,424.1,16.6
20,8,9,9,393.4,827.3,433.9,16.6
20,9,10,10,393.2,826.8,433.6,16.6
20,10,11,11,394.4,824.4,430,16.6
20,11,12,12,393.1,832.3,439.2,16.5
20,12,13,13,392.4,832.4,440,16.5
20,13,14,14,393.9,832.1,438.2,16.5
20,14,15,15,393.4,840.1,446.7,16.5
20,15,16,16,393.2,813.4,420.2,16.7
20,16,17,17,394,838.9,444.9,16.6
20,17,18,18,393,833.3,440.3,16.5
20,18,19,19,392.3,837.8,445.5,16.5
20,19,20,20,394.2,840.7,446.5,16.6
20,20,21,21,393.4,815.3,421.9,16.4
20,21,22,22,393.3,828.2,434.9,16.3
20,22,23,23,393.3,828,434.7,16.3
20,23,24,24,393.1,835.2,442.1,16.2
20,24,25,25,394.3,819.7,425.4,16.3
20,25,26,26,394.2,835.6,441.4,16.4
20,26,27,27,394.2,822.4,428.2,16.3
20,27,28,28,394.3,827.4,433.1,16.2
20,28,29,29,394.4,836.5,442.1,16.3
20,29,30,30,394,840.7,446.7,16.3
21,0,1,1,393.3,516.2,122.9,15.5
21,1,2,2,392.9,816.1,423.2,14.8
21,2,3,3,394.4,817,422.6,14.7
21,3,4,4,393.6,829.9,436.3,14.6
21,4,5,5,394.4,829.7,435.3,14.6
21,5,6,6,393.3,810.5,417.2,14.6
21,6,7,7,393.3,841,447.7,14.5
21,7,8,8,393,835,442,14.5
21,8,9,9,393.4,832.1,438.7,14.4
21,9,10,10,393.2,816.9,423.7,14.5
21,10,11,11,394.4,819.9,425.5,14.6
21,11,12,12,393.1,802.8,409.7,14.4
21,12,13,13,392.4,822.8,430.4,14.4
21,13,14,14,393.9,815.4,421.5,14.4
21,14,15,15,393.4,821.6,428.2,14.5
21,15,16,16,393.2,827.2,434,14.5
21,16,17,17,394,829,435,14.4
21,17,18,18,393,831,438,14.4
21,18,19,19,392.3,824.3,432,14.4
21,19,20,20,394.2,825.3,431.1,14.6
21,21,22,22,393.3,808.5,415.2,14.3
21,22,23,23,393.3,829.9,436.6,14.3
21,23,24,24,393.1,829.9,436.8,14.3
21,24,25,25,394.3,832.6,438.3,14.4
21,25,26,26,394.2,832.6,438.4,14.4
21,26,27,27,394.2,840.7,446.5,14.4
21,27,28,28,394.3,815.1,420.8,14.4
21,28,29,29,394.4,831.9,437.5,14.4
21,29,30,30,394,823.3,429.3,14.4
22,0,1,1,393.3,598.5,205.2,14.9
22,1,2,2,392.9,818.9,426,14.7
22,2,3,3,394.4,828.2,433.8,14.7
22,3,4,4,393.6,835.3,441.7,14.7
22,4,5,5,394.4,822.5,428.1,14.7
22,5,6,6,393.3,817.3,424,14.7
22,6,7,7,393.3,830,436.7,14.6
22,7,8,8,393,827.7,434.7,14.6
22,8,9,9,393.4,829.5,436.1,14.6
22,9,10,10,393.2,831.2,438,14.7
22,11,12,12,393.1,827.5,434.4,14.6
22,12,13,13,392.4,828.8,436.4,14.6
22,13,14,14,393.9,828.2,434.3,14.6
22,14,15,15,393.4,817.3,423.9,14.7
22,15,16,16,393.2,817.8,424.6,14.8
22,16,17,17,394,817.1,423.1,14.7
22,17,18,18,393,816.9,423.9,14.7
22,18,19,19,392.3,823.9,431.6,14.7
22,19,20,20,394.2,830.7,436.5,14.8
22,20,21,21,393.4,819,425.6,14.7
22,21,22,22,393.3,811.4,418.1,14.6
22,22,23,23,393.3,817.4,424.1,14.6
22,23,24,24,393.1,819.9,426.8,14.6
22,24,25,25,394.3,837.3,443,14.6
22,25,26,26,394.2,815.9,421.7,14.7
22,26,27,27,394.2,822.1,427.9,14.6
22,27,28,28,394.3,833.2,438.9,14.6
22,28,29,29,394.4,817,422.6,14.6
22,29,30,30,394,819.2,425.2,14.7
23,0,1,1,393.3,579.1,185.8,14.7
23,1,2,2,392.9,818.5,425.6,14.4
23,2,3,3,394.4,827.6,433.2,14.4
23,3,4,4,393.6,829.8,436.2,14.3
23,4,5,5,394.4,824.3,429.9,14.3
23,5,6,6,393.3,819.1,425.8,14.3
23,6,7,7,393.3,826.3,433,14.2
23,7,8,8,393,833,440,14.2
23,8,9,9,393.4,817,423.6,14.2
23,9,10,10,393.2,824.2,431,14.3
23,10,11,11,394.4,814.4,420,14.3
23,11,12,12,393.1,823.2,430.1,14.2
23,12,13,13,392.4,810.4,418,14.2
23,13,14,14,393.9,822.1,428.2,14.2
23,14,15,15,393.4,829.1,435.7,14.3
23,15,16,16,393.2,820.7,427.5,14.3
23,16,17,17,394,830.4,436.4,14.3
23,17,18,18,393,822,429,14.3
23,18,19,19,392.3,807.9,415.6,14.3
23,19,20,20,394.2,816.8,422.6,14.4
23,20,21,21,393.4,816,422.6,14.4
23,21,22,22,393.3,818.4,425.1,14.2
23,22,23,23,393.3,813.3,420,14.2
23,23,24,24,393.1,826,432.9,14.2
23,24,25,25,394.3,815.7,421.4,14.4
23,27,28,28,394.3,824,429.7,14.4
23,28,29,29,394.4,813.9,419.5,14.3
23,29,30,30,394,820.7,426.7,14.4
24,0,1,1,393.3,588.8,195.5,15
24,1,2,2,392.9,821,428.1,14.8
24,2,3,3,394.4,824,429.6,14.8
24,3,4,4,393.6,819,425.4,14.7
24,4,5,5,394.4,813.6,419.2,14.7
24,5,6,6,393.3,826.8,433.5,14.7
24,6,7,7,393.3,819.4,426.1,14.6
24,7,8,8,393,831.2,438.2,14.6
24,8,9,9,393.4,829.1,435.7,14.6
24,9,10,10,393.2,808.2,415,14.7
24,10,11,11,394.4,816.8,422.4,14.7
24,11,12,12,393.1,818.3,425.2,14.6
24,12,13,13,392.4,822.8,430.4,14.6
24,13,14,14,393.9,824.1,430.2,14.6
24,14,15,15,393.4,822.7,429.3,14.7
24,15,16,16,393.2,820.4,427.2,14.7
24,16,17,17,394,831.2,437.2,14.6
24,17,18,18,393,818.8,425.8,14.6
24,18,19,19,392.3,814.6,422.3,14.6
24,19,20,20,394.2,816.4,422.2,14.7
24,20,21,21,393.4,812.3,418.9,14.6
24,21,22,22,393.3,818.5,425.2,14.5
24,22,23,23,393.3,813.9,420.6,14.5
24,23,24,24,393.1,814.5,421.4,14.5
24,24,25,25,394.3,818.7,424.4,14.6
24,25,26,26,394.2,821.5,427.3,14.6
24,26,27,27,394.2,832.5,438.3,14.5
24,27,28,28,394.3,819,424.7,14.5
24,28,29,29,394.4,816.5,422.1,14.5
24,29,30,30,394,821.9,427.9,14.6
25,0,0.5,1,393.3,575.4,182.1,15.4
25,0.5,1,2,392.9,908.7,515.8,15
25,1,1.5,3,394.4,911.4,517,15
25,3.5,4,4,393.6,916.9,523.3,15
25,4,4.5,5,394.4,921.3,526.9,15.1
25,7,7.5,6,393.3,935.8,542.5,15
25,7.5,8,7,393.3,912.8,519.5,14.9
25,8,8.5,8,393,960.9,567.9,14.9
25,8.5,9,9,393.4,895.4,502,14.9
25,9,9.5,10,393.2,929.2,536,15
25,12,12.5,11,394.4,920.8,526.4,15
25,12.5,13,12,393.1,953.8,560.7,15
25,13,13.5,13,392.4,907,514.6,15
25,13.5,14,14,393.9,937.4,543.5,15
25,14,14.5,15,393.4,921,527.6,15.1
25,17,17.5,16,393.2,931.8,538.6,15.1
25,17.5,18,17,394,925.6,531.6,15
25,18,18.5,18,393,903.9,510.9,15
25,18.5,19,19,392.3,917.5,525.2,15
25,19,19.5,20,394.2,930.9,536.7,15.2
25,22,22.5,21,393.4,920.4,527,15
25,22.5,23,22,393.3,900.9,507.6,14.9
25,23,23.5,23,393.3,909.8,516.5,14.9
25,23.5,24,24,393.1,910,516.9,14.9
25,24,24.5,25,394.3,939.9,545.6,15.1
25,27,27.5,26,394.2,932.7,538.5,15
25,27.5,28,27,394.2,914.7,520.5,15
25,28,28.5,28,394.3,914.7,520.4,15
25,28.5,29,29,394.4,911.7,517.3,15
25,29,29.5,30,394,934.7,540.7,15.2
26,0,0.5,1,393.3,599.8,206.5,15.6
26,0.5,1,2,392.9,892.1,499.2,15.1
26,1,1.5,3,394.4,923.5,529.1,15.1
26,3.5,4,4,393.6,917.3,523.7,15
26,4,4.5,5,394.4,908.2,513.8,15.1
26,7,7.5,6,393.3,913.5,520.2,15.1
26,7.5,8,7,393.3,927.1,533.8,15
26,8,8.5,8,393,910,517,15
26,8.5,9,9,393.4,889.2,495.8,15
26,9,9.5,10,393.2,910.5,517.3,15.1
26,12,12.5,11,394.4,897.3,502.9,15.2
26,12.5,13,12,393.1,902.2,509.1,15.1
26,13,13.5,13,392.4,907.5,515.1,15.1
26,13.5,14,14,393.9,904.4,510.5,15.2
26,14,14.5,15,393.4,902.4,509,15.2
26,17,17.5,16,393.2,898.7,505.5,15.2
26,17.5,18,17,394,901.6,507.6,15.2
26,18,18.5,18,393,913.1,520.1,15.2
26,18.5,19,19,392.3,910.6,518.3,15.2
26,19,19.5,20,394.2,907.2,513,15.3
26,22,22.5,21,393.4,915.1,521.7,15.2
26,22.5,23,22,393.3,910.9,517.6,15.1
26,23,23.5,23,393.3,911.4,518.1,15.1
26,23.5,24,24,393.1,898.6,505.5,15.1
26,24,24.5,25,394.3,912.3,518,15.2
26,27,27.5,26,394.2,945.8,551.6,15.3
26,27.5,28,27,394.2,886.2,492,15.2
26,28,28.5,28,394.3,891.3,497,15.2
26,28.5,29,29,394.4,897.7,503.3,15.3
26,29,29.5,30,394,917.9,523.9,15.4
27,0,0.5,1,393.3,750.4,357.1,16.1
27,0.5,1,2,392.9,892.4,499.5,15.8
27,1,1.5,3,394.4,900.6,506.2,15.8
27,3.5,4,4,393.6,900.1,506.5,15.8
27,4,4.5,5,394.4,888.3,493.9,15.9
27,7,7.5,6,393.3,895.1,501.8,15.8
27,7.5,8,7,393.3,894.7,501.4,15.6
27,8,8.5,8,393,898.4,505.4,15.6
27,8.5,9,9,393.4,888.3,494.9,15.6
27,9,9.5,10,393.2,890.6,497.4,15.7
27,12,12.5,11,394.4,928.4,534,15.6
27,12.5,13,12,393.1,896.4,503.3,15.6
27,13,13.5,13,392.4,910.5,518.1,15.6
27,13.5,14,14,393.9,902.7,508.8,15.6
27,14,14.5,15,393.4,900.6,507.2,15.7
27,17,17.5,16,393.2,930.3,537.1,15.7
27,17.5,18,17,394,895.9,501.9,15.6
27,18,18.5,18,393,877.8,484.8,15.6
27,18.5,19,19,392.3,876.3,484,15.7
27,19,19.5,20,394.2,900.8,506.6,15.7
27,22,22.5,21,393.4,906.4,513,15.7
27,22.5,23,22,393.3,890.7,497.4,15.6
27,23,23.5,23,393.3,915.2,521.9,15.5
27,23.5,24,24,393.1,891.3,498.2,15.6
27,24,24.5,25,394.3,916.8,522.5,15.7
27,27,27.5,26,394.2,902.7,508.5,15.7
27,27.5,28,27,394.2,908.9,514.7,15.6
27,28,28.5,28,394.3,883.4,489.1,15.6
27,28.5,29,29,394.4,887.5,493.1,15.6
27,29,29.5,30,394,895.6,501.6,15.7
28,0,0.5,1,393.3,634.6,241.3,16.2
28,0.5,1,2,392.9,873.7,480.8,15.8
28,1,1.5,3,394.4,911.9,517.5,15.7
28,3.5,4,4,393.6,928.7,535.1,15.5
28,4,4.5,5,394.4,918,523.6,15.6
28,7,7.5,6,393.3,943.3,550,15.6
28,7.5,8,7,393.3,895.8,502.5,15.4
28,8,8.5,8,393,931.8,538.8,15.4
28,8.5,9,9,393.4,906.1,512.7,15.4
28,9,9.5,10,393.2,914.8,521.6,15.7
28,12,12.5,11,394.4,912,517.6,15.6
28,12.5,13,12,393.1,920.1,527,15.5
28,13,13.5,13,392.4,907.7,515.3,15.5
28,13.5,14,14,393.9,927.9,534,15.5
28,14,14.5,15,393.4,910.4,517,15.6
28,17,17.5,16,393.2,932,538.8,15.7
28,17.5,18,17,394,921.1,527.1,15.6
28,18,18.5,18,393,889.8,496.8,15.6
28,18.5,19,19,392.3,920.8,528.5,15.7
28,19,19.5,20,394.2,919.4,525.2,15.8
28,22,22.5,21,393.4,939.6,546.2,15.7
28,22.5,23,22,393.3,907.5,514.2,15.7
28,23,23.5,23,393.3,915.3,522,15.6
28,23.5,24,24,393.1,906.1,513,15.7
28,24,24.5,25,394.3,912.5,518.2,15.9
28,27,27.5,26,394.2,922.4,528.2,15.8
28,27.5,28,27,394.2,917.9,523.7,15.8
28,28,28.5,28,394.3,939.8,545.5,15.8
28,28.5,29,29,394.4,910.3,515.9,15.8
28,29,29.5,30,394,919.2,525.2,15.9
29,0,0.5,1,393.3,602.5,209.2,15
29,0.5,1,2,392.9,926.8,533.9,14.8
29,1,1.5,3,394.4,933.3,538.9,14.8
29,3.5,4,4,393.6,919.3,525.7,14.8
29,4,4.5,5,394.4,925.1,530.7,14.8
29,7,7.5,6,393.3,916.4,523.1,14.8
29,7.5,8,7,393.3,903.8,510.5,14.7
29,8,8.5,8,393,909.7,516.7,14.7
29,8.5,9,9,393.4,904.4,511,14.8
29,9,9.5,10,393.2,902.8,509.6,14.8
29,12,12.5,11,394.4,915.4,521,14.8
29,12.5,13,12,393.1,909.9,516.8,14.8
29,13,13.5,13,392.4,929.9,537.5,14.8
29,13.5,14,14,393.9,888.9,495,14.8
29,14,14.5,15,393.4,897.4,504,14.8
29,17,17.5,16,393.2,910.1,516.9,14.8
29,17.5,18,17,394,901,507,14.8
29,18,18.5,18,393,914.4,521.4,14.8
29,18.5,19,19,392.3,898.8,506.5,14.8
29,19,19.5,20,394.2,902.9,508.7,14.9
29,22,22.5,21,393.4,926,532.6,14.8
29,22.5,23,22,393.3,861.9,468.6,14.8
29,23,23.5,23,393.3,913,519.7,14.8
29,23.5,24,24,393.1,904.4,511.3,14.7
29,24,24.5,25,394.3,923.8,529.5,14.8
29,27,27.5,26,394.2,934,539.8,14.8
29,27.5,28,27,394.2,887.5,493.3,14.8
29,28,28.5,28,394.3,927.6,533.3,14.8
29,28.5,29,29,394.4,893.4,499,14.7
29,29,29.5,30,394,928.2,534.2,14.8
30,0,0.5,1,393.3,581.8,188.5,15.2
30,0.5,1,2,392.9,908.6,515.7,14.8
30,1,1.5,3,394.4,916.8,522.4,14.9
30,3.5,4,4,393.6,911.5,517.9,14.9
30,4,4.5,5,394.4,921,526.6,14.9
30,7,7.5,6,393.3,928.3,535,14.9
30,7.5,8,7,393.3,913.4,520.1,14.9
30,8,8.5,8,393,900.5,507.5,14.9
30,8.5,9,9,393.4,906,512.6,14.9
30,9,9.5,10,393.2,915.7,522.5,14.9
30,12,12.5,11,394.4,917.1,522.7,15
30,12.5,13,12,393.1,914.5,521.4,14.9
30,13,13.5,13,392.4,907.6,515.2,14.9
30,13.5,14,14,393.9,908,514.1,14.9
30,14,14.5,15,393.4,898.6,505.2,15
30,17,17.5,16,393.2,909.4,516.2,15.1
30,17.5,18,17,394,911.5,517.5,15
30,18,18.5,18,393,884,491,15
30,18.5,19,19,392.3,903.3,511,15
30,19,19.5,20,394.2,876.8,482.6,15.1
30,22,22.5,21,393.4,921.5,528.1,15
30,22.5,23,22,393.3,913.3,520,15
30,23,23.5,23,393.3,909.8,516.5,15
30,23.5,24,24,393.1,899.2,506.1,15
30,24,24.5,25,394.3,905,510.7,15
30,27,27.5,26,394.2,905.8,511.6,15
30,27.5,28,27,394.2,911.3,517.1,15
30,28,28.5,28,394.3,932.8,538.5,15
30,28.5,29,29,394.4,888.8,494.4,15
30,29,29.5,30,394,896.6,502.6,15
31,0,0.5,1,393.3,569.7,176.4,15.3
31,0.5,1,2,392.9,909.9,517,15.1
31,1,1.5,3,394.4,936.5,542.1,15.1
31,3.5,4,4,393.6,928.2,534.6,15.1
31,4,4.5,5,394.4,915.7,521.3,15.2
31,7,7.5,6,393.3,917.3,524,15.1
31,7.5,8,7,393.3,911.7,518.4,15.1
31,8,8.5,8,393,936.4,543.4,15.1
31,8.5,9,9,393.4,905.5,512.1,15.1
31,9,9.5,10,393.2,909.7,516.5,15.2
31,12,12.5,11,394.4,901,506.6,15.2
31,12.5,13,12,393.1,899.5,506.4,15.1
31,13,13.5,13,392.4,903.6,511.2,15.1
31,13.5,14,14,393.9,925.1,531.2,15.1
31,14,14.5,15,393.4,911.9,518.5,15.2
31,17,17.5,16,393.2,900.6,507.4,15.3
31,17.5,18,17,394,903.5,509.5,15.2
31,18,18.5,18,393,910.3,517.3,15.2
31,18.5,19,19,392.3,903.9,511.6,15.2
31,19,19.5,20,394.2,922,527.8,15.3
31,22,22.5,21,393.4,939.4,546,15.2
31,22.5,23,22,393.3,899.3,506,15.2
31,23,23.5,23,393.3,914.8,521.5,15.2
31,23.5,24,24,393.1,911.2,518.1,15.2
31,24,24.5,25,394.3,915.9,521.6,15.2
31,27,27.5,26,394.2,921.4,527.2,15.3
31,27.5,28,27,394.2,908.7,514.5,15.2
31,28,28.5,28,394.3,893.9,499.6,15.2
31,28.5,29,29,394.4,896.1,501.7,15.2
31,29,29.5,30,394,895.3,501.3,15.3
32,0,0.5,1,393.3,604.7,211.4,15.6
32,0.5,1,2,392.9,880.5,487.6,15.4
32,1,1.5,3,394.4,913,518.6,15.4
32,3.5,4,4,393.6,924.6,531,25.4
32,4,4.5,5,394.4,938,543.6,15.5
32,7,7.5,6,393.3,919.8,526.5,15.5
32,7.5,8,7,393.3,909.7,516.4,15.4
32,8,8.5,8,393,917.9,524.9,15.4
32,8.5,9,9,393.4,915.7,522.3,15.4
32,9,9.5,10,393.2,915.3,522.1,15.5
32,13,13.5,13,392.4,930.6,538.2,15.5
32,13.5,14,14,393.9,908,514.1,15.5
32,14,14.5,15,393.4,944.6,551.2,15.5
32,17,17.5,16,393.2,903.9,510.7,15.6
32,17.5,18,17,394,903.7,509.7,15.5
32,18,18.5,18,393,930.6,537.6,15.5
32,18.5,19,19,392.3,899.8,507.5,15.5
32,19,19.5,20,394.2,935.3,541.1,15.6
32,22,22.5,21,393.4,946.1,552.7,15.6
32,22.5,23,22,393.3,906,512.7,15.5
32,23,23.5,23,393.3,908.5,515.2,15.5
32,23.5,24,24,393.1,894.4,501.3,15.5
32,24,24.5,25,394.3,923.3,529,15.6
32,27,27.5,26,394.2,932.2,538,15.7
32,27.5,28,27,394.2,909.5,515.3,15.6
32,28,28.5,28,394.3,939.8,545.5,15.6
32,28.5,29,29,394.4,924.2,529.8,15.6
32,29,29.5,30,394,915,521,15.7
33,0,0.5,1,393.3,543.2,149.9,16
33,0.5,1,2,392.9,933.6,540.7,15.9
33,1,1.5,3,394.4,924.1,529.7,15.9
33,3.5,4,4,393.6,950,556.4,15.9
33,4,4.5,5,394.4,925,530.6,15.9
33,7,7.5,6,393.3,921.6,528.3,15.8
33,7.5,8,7,393.3,929.4,536.1,15.8
33,8,8.5,8,393,921.1,528.1,15.8
33,8.5,9,9,393.4,918.8,525.4,15.8
33,9,9.5,10,393.2,928.7,535.5,15.9
33,12,12.5,11,394.4,939,544.6,15.8
33,12.5,13,12,393.1,911.7,518.6,15.8
33,13,13.5,13,392.4,919.2,526.8,15.8
33,13.5,14,14,393.9,913.8,519.9,15.8
33,14,14.5,15,393.4,917.3,523.9,15.9
33,17,17.5,16,393.2,932.9,539.7,15.9
33,17.5,18,17,394,926.8,532.8,15.8
33,18,18.5,18,393,920.2,527.2,15.8
33,18.5,19,19,392.3,927,534.7,15.8
33,19,19.5,20,394.2,940.8,546.6,15.9
33,22,22.5,21,393.4,925,531.6,15.7
33,22.5,23,22,393.3,937.6,544.3,15.7
33,23,23.5,23,393.3,919.2,525.9,15.7
33,23.5,24,24,393.1,915,521.9,15.7
33,24,24.5,25,394.3,926.6,532.3,15.7
33,27,27.5,26,394.2,953.9,559.7,15.8
33,27.5,28,27,394.2,937,542.8,15.7
33,28,28.5,28,394.3,916.5,522.2,15.7
33,28.5,29,29,394.4,918.6,524.2,15.7
33,29,29.5,30,394,928.6,534.6,15.8
34,0,0.5,1,393.3,525,131.7,16.2
34,0.5,1,2,392.9,920.8,527.9,15.8
34,1,1.5,3,394.4,936.9,542.5,15.7
34,3.5,4,4,393.6,946.6,553,15.7
34,4,4.5,5,394.4,933.4,539,15.7
34,7,7.5,6,393.3,942.3,549,15.7
34,7.5,8,7,393.3,940.2,546.9,15.6
34,8,8.5,8,393,908.1,515.1,15.6
34,8.5,9,9,393.4,912.3,518.9,15.6
34,9,9.5,10,393.2,940.3,547.1,15.7
34,12,12.5,11,394.4,915.7,521.3,15.7
34,12.5,13,12,393.1,905.6,512.5,15.7
34,13,13.5,13,392.4,948.6,556.2,15.7
34,13.5,14,14,393.9,946.2,552.3,15.7
34,14,14.5,15,393.4,931,537.6,15.7
34,17,17.5,16,393.2,935.1,541.9,15.8
34,17.5,18,17,394,922.9,528.9,15.7
34,18,18.5,18,393,934.6,541.6,15.8
34,18.5,19,19,392.3,918.4,526.1,15.7
34,19,19.5,20,394.2,927.1,532.9,15.7
34,22,22.5,21,393.4,938.5,545.1,15.7
34,22.5,23,22,393.3,937.3,544,15.7
34,23,23.5,23,393.3,928.6,535.3,15.7
34,23.5,24,24,393.1,958.6,565.5,15.7
34,24,24.5,25,394.3,928.7,534.4,15.7
34,27,27.5,26,394.2,939.6,545.4,15.7
34,27.5,28,27,394.2,931.9,537.7,15.7
34,28,28.5,28,394.3,951.3,557,15.7
34,28.5,29,29,394.4,903.7,509.3,15.7
34,29,29.5,30,394,939.1,545.1,15.8
35,0,0.5,1,393.3,578.7,185.4,16.3
35,0.5,1,2,392.9,902.9,510,16.2
35,1,1.5,3,394.4,934,539.6,16.2
35,3.5,4,4,393.6,939.1,545.5,16.2
35,4,4.5,5,394.4,921.7,527.3,16.1
35,7,7.5,6,393.3,944.8,551.5,16
35,7.5,8,7,393.3,898.9,505.6,16.1
35,8,8.5,8,393,941.1,548.1,16.1
35,8.5,9,9,393.4,913.7,520.3,16
35,9,9.5,10,393.2,923.3,530.1,16.1
35,12,12.5,11,394.4,924.4,530,16.1
35,12.5,13,12,393.1,908.9,515.8,16.1
35,13,13.5,13,392.4,922.2,529.8,16.2
35,13.5,14,14,393.9,929.8,535.9,16.1
35,14,14.5,15,393.4,931.7,538.3,16.1
35,17,17.5,16,393.2,908.1,514.9,16.2
35,17.5,18,17,394,931.1,537.1,16.2
35,18,18.5,18,393,925.9,532.9,16.2
35,18.5,19,19,392.3,897.6,505.3,16.1
35,19,19.5,20,394.2,928.3,534.1,16.2
35,22,22.5,21,393.4,923,529.6,16.2
35,22.5,23,22,393.3,914.1,520.8,16.2
35,23,23.5,23,393.3,919.6,526.3,16.2
35,23.5,24,24,393.1,913.1,520,16.2
35,24,24.5,25,394.3,926.1,531.8,16.2
35,27,27.5,26,394.2,918.7,524.5,16.2
35,27.5,28,27,394.2,922.9,528.7,16.2
35,28,28.5,28,394.3,916,521.7,16.2
35,28.5,29,29,394.4,906.4,512,16.2
35,29,29.5,30,394,920.8,526.8,16.2
36,0,0.5,1,393.3,494.4,101.1,17
36,0.5,1,2,392.9,878.1,485.2,16.6
36,1,1.5,3,394.4,919.9,525.5,16.6
36,3.5,4,4,393.6,927,533.4,16.4
36,4,4.5,5,394.4,915.7,521.3,16.5
36,7,7.5,6,393.3,926.9,533.6,16.5
36,7.5,8,7,393.3,928.6,535.3,16.4
36,8,8.5,8,393,932.9,539.9,16.4
36,8.5,9,9,393.4,919.3,525.9,16.4
36,9,9.5,10,393.2,941.9,548.7,16.4
36,12,12.5,11,394.4,924.3,529.9,16.6
36,12.5,13,12,393.1,930.3,537.2,16.5
36,13,13.5,13,392.4,878.6,486.2,16.5
36,13.5,14,14,393.9,896.3,502.4,16.5
36,14,14.5,15,393.4,905.8,512.4,16.5
36,17,17.5,16,393.2,901.6,508.4,16.5
36,17.5,18,17,394,906.2,512.2,16.5
36,18,18.5,18,393,919.2,526.2,16.5
36,18.5,19,19,392.3,897.3,505,16.5
36,19,19.5,20,394.2,902.2,508,16.5
36,22,22.5,21,393.4,905.7,512.3,16.5
36,22.5,23,22,393.3,920.9,527.6,16.5
36,23,23.5,23,393.3,917.7,524.4,16.4
36,23.5,24,24,393.1,929.5,536.4,16.4
36,24,24.5,25,394.3,929.5,535.2,16.4
36,27,27.5,26,394.2,926.7,532.5,16.4
36,27.5,28,27,394.2,917,522.8,16.4
36,28,28.5,28,394.3,924.9,530.6,16.4
36,28.5,29,29,394.4,920.9,526.5,16.4
36,29,29.5,30,394,921.5,527.5,16.4
37,0,0.5,1,393.3,601.7,208.4,16.2
37,0.5,1,2,392.9,914.3,521.4,16.1
37,1,1.5,3,394.4,919.8,525.4,16
37,3.5,4,4,393.6,906.5,512.9,16
37,4,4.5,5,394.4,933.1,538.7,16.1
37,7,7.5,6,393.3,922.6,529.3,16
37,7.5,8,7,393.3,918.3,525,16
37,8,8.5,8,393,912.6,519.6,16
37,8.5,9,9,393.4,895.6,502.2,16
37,12,12.5,11,394.4,927.8,533.4,16
37,12.5,13,12,393.1,920.2,527.1,16
37,13,13.5,13,392.4,902.1,509.7,16
37,13.5,14,14,393.9,913.4,519.5,16
37,14,14.5,15,393.4,932.2,538.8,16.1
37,17,17.5,16,393.2,888,494.8,16.2
37,17.5,18,17,394,926.7,532.7,16.1
37,18,18.5,18,393,903.4,510.4,16.1
37,18.5,19,19,392.3,903.3,511,16.1
37,19,19.5,20,394.2,920.6,526.4,16.1
37,22,22.5,21,393.4,908.8,515.4,16.1
37,22.5,23,22,393.3,904.8,511.5,16.1
37,23,23.5,23,393.3,906.1,512.8,16.1
37,23.5,24,24,393.1,912.6,519.5,16.1
37,24,24.5,25,394.3,903.3,509,16.1
37,27,27.5,26,394.2,917.5,523.3,16.1
37,27.5,28,27,394.2,915.2,521,16.1
37,28,28.5,28,394.3,917.8,523.5,16.1
37,28.5,29,29,394.4,901.1,506.7,16.1
37,29,29.5,30,394,900.9,506.9,16.2
38,0,0.5,1,393.3,570.2,176.9,16.4
38,0.5,1,2,392.9,902.1,509.2,16.2
38,1,1.5,3,394.4,894.3,499.9,16.2
38,3.5,4,4,393.6,898.3,504.7,16.3
38,4,4.5,5,394.4,919,524.6,16.3
38,7,7.5,6,393.3,928.6,535.3,16.3
38,7.5,8,7,393.3,926.9,533.6,16.2
38,8,8.5,8,393,929.3,536.3,16.2
38,8.5,9,9,393.4,923.4,530,16.2
38,9,9.5,10,393.2,924.4,531.2,16.3
38,12,12.5,11,394.4,926.8,532.4,16.3
38,12.5,13,12,393.1,932.7,539.6,16.3
38,13,13.5,13,392.4,913.3,520.9,16.3
38,13.5,14,14,393.9,918.3,524.4,16.3
38,14,14.5,15,393.4,917.3,523.9,16.3
38,17,17.5,16,393.2,929.5,536.3,16.4
38,17.5,18,17,394,944.5,550.5,16.3
38,18,18.5,18,393,912.3,519.3,16.3
38,18.5,19,19,392.3,941,548.7,16.4
38,19,19.5,20,394.2,929.5,535.3,16.4
38,22,22.5,21,393.4,941.4,548,16.3
38,22.5,23,22,393.3,936,542.7,16.3
38,23,23.5,23,393.3,898.7,505.4,16.3
38,23.5,24,24,393.1,919.3,526.2,16.3
38,24,24.5,25,394.3,934.3,540,16.3
38,27,27.5,26,394.2,955.1,560.9,16.3
38,27.5,28,27,394.2,941.3,547.1,16.3
38,28,28.5,28,394.3,891.1,496.8,16.3
38,28.5,29,29,394.4,936.5,542.1,16.3
38,29,29.5,30,394,907.8,513.8,16.3
39,0,0.5,1,393.3,568.7,175.4,16.7
39,0.5,1,2,392.9,903.6,510.7,16.6
39,1,1.5,3,394.4,918.7,524.3,16.5
39,3.5,4,4,393.6,900.7,507.1,16.5
39,4,4.5,5,394.4,940.7,546.3,16.6
39,7,7.5,6,393.3,924.6,531.3,16.6
39,7.5,8,7,393.3,935.7,542.4,16.5
39,8,8.5,8,393,914.3,521.3,16.5
39,8.5,9,9,393.4,913.2,519.8,16.5
39,9,9.5,10,393.2,930.2,537,16.6
39,12,12.5,11,394.4,942.3,547.9,16.7
39,12.5,13,12,393.1,913,519.9,16.6
39,13,13.5,13,392.4,915.5,523.1,16.5
39,13.5,14,14,393.9,932.1,538.2,16.6
39,14,14.5,15,393.4,921.7,528.3,16.6
39,17,17.5,16,393.2,916.4,523.2,16.6
39,17.5,18,17,394,931.1,537.1,16.6
39,18,18.5,18,393,934.2,541.2,16.6
39,18.5,19,19,392.3,910.5,518.2,16.6
39,19,19.5,20,394.2,931,536.8,16.6
39,22,22.5,21,393.4,927.7,534.3,16.6
39,22.5,23,22,393.3,932.4,539.1,16.5
39,23,23.5,23,393.3,908.1,514.8,16.5
39,23.5,24,24,393.1,931.3,538.2,16.6
39,24,24.5,25,394.3,919.7,525.4,16.6
39,27,27.5,26,394.2,932.2,538,16.6
39,27.5,28,27,394.2,928.4,534.2,16.5
39,28,28.5,28,394.3,941.4,547.1,16.5
39,28.5,29,29,394.4,896.8,502.4,16.6
39,29,29.5,30,394,935.5,541.5,16.6
40,0,0.5,1,393.3,555.7,162.4,17
40,0.5,1,2,392.9,891.5,498.6,16.9
40,1,1.5,3,394.4,895.5,501.1,16.8
40,3.5,4,4,393.6,888.2,494.6,16.9
40,4,4.5,5,394.4,909,514.6,16.9
40,7,7.5,6,393.3,929.4,536.1,16.8
40,7.5,8,7,393.3,914.7,521.4,16.8
40,8,8.5,8,393,922.2,529.2,16.7
40,8.5,9,9,393.4,934.5,541.1,16.8
40,9,9.5,10,393.2,931.5,538.3,16.8
40,12,12.5,11,394.4,917.9,523.5,16.8
40,12.5,13,12,393.1,951.5,558.4,16.8
40,13,13.5,13,392.4,901.6,509.2,16.8
40,13.5,14,14,393.9,920.6,526.7,16.8
40,14,14.5,15,393.4,923.3,529.9,16.9
40,17,17.5,16,393.2,939.7,546.5,17.1
40,17.5,18,17,394,919.7,525.7,16.9
40,18,18.5,18,393,907.4,514.4,16.9
40,18.5,19,19,392.3,915.4,523.1,16.9
40,19,19.5,20,394.2,915.7,521.5,17
40,22,22.5,21,393.4,935.6,542.2,16.9
40,22.5,23,22,393.3,902.5,509.2,16.9
40,23,23.5,23,393.3,932.9,539.6,16.9
40,23.5,24,24,393.1,927.4,534.3,16.9
40,24,24.5,25,394.3,910.9,516.6,17
40,27,27.5,26,394.2,941.7,547.5,17
40,27.5,28,27,394.2,919.4,525.2,16.9
40,28,28.5,28,394.3,922.9,528.6,16.9
40,28.5,29,29,394.4,921.3,526.9,16.9
40,29,29.5,30,394,917.3,523.3,16.9
41,0,0.5,1,393.3,646.3,253,17.6
41,0.5,1,2,392.9,910,517.1,17.4
41,1,1.5,3,394.4,906.9,512.5,17.3
41,3.5,4,4,393.6,917.8,524.2,17.4
41,4,4.5,5,394.4,922.1,527.7,17.5
41,7,7.5,6,393.3,919,525.7,17.3
41,7.5,8,7,393.3,911.3,518,17.3
41,8,8.5,8,393,907.6,514.6,17.2
41,8.5,9,9,393.4,918.5,525.1,17.2
41,12,12.5,11,394.4,915.4,521,17.3
41,12.5,13,12,393.1,909.9,516.8,17.3
41,13,13.5,13,392.4,909.5,517.1,17.3
41,13.5,14,14,393.9,922.1,528.2,17.3
41,14,14.5,15,393.4,907.9,514.5,17.2
41,17,17.5,16,393.2,940.4,547.2,17.4
41,17.5,18,17,394,946,552,17.3
41,18,18.5,18,393,908,515,17.3
41,18.5,19,19,392.3,928.3,536,17.3
41,22,22.5,21,393.4,932.5,539.1,17.4
41,22.5,23,22,393.3,921.5,528.2,17.3
41,23,23.5,23,393.3,937,543.7,17.2
41,23.5,24,24,393.1,880.1,487,17.2
41,24,24.5,25,394.3,917.9,523.6,17.3
41,27,27.5,26,394.2,934,539.8,17.3
41,27.5,28,27,394.2,929.5,535.3,17.3
41,28,28.5,28,394.3,900.7,506.4,17.3
41,28.5,29,29,394.4,925.9,531.5,17.3
41,29,29.5,30,394,927.2,533.2,17.3
42,0,0.5,1,393.3,636.7,243.4,18
42,0.5,1,2,392.9,901.3,508.4,17.8
42,1,1.5,3,394.4,914.4,520,17.8
42,3.5,4,4,393.6,912.5,518.9,17.7
42,4,4.5,5,394.4,900.3,505.9,17.8
42,7,7.5,6,393.3,897.2,503.9,17.6
42,7.5,8,7,393.3,889.2,495.9,17.6
42,8,8.5,8,393,917.7,524.7,17.6
42,12,12.5,11,394.4,907.6,513.2,17.7
42,12.5,13,12,393.1,908.9,515.8,17.6
42,13,13.5,13,392.4,890.8,498.4,17.6
42,13.5,14,14,393.9,908.5,514.6,17.6
42,14,14.5,15,393.4,898.7,505.3,17.7
42,17,17.5,16,393.2,925.8,532.6,17.8
42,17.5,18,17,394,894,500,17.7
42,18,18.5,18,393,923.9,530.9,17.7
42,18.5,19,19,392.3,890,497.7,17.7
42,19,19.5,20,394.2,902.3,508.1,17.7
42,22,22.5,21,393.4,937.2,543.8,17.7
42,22.5,23,22,393.3,924.4,531.1,17.7
42,23,23.5,23,393.3,927.8,534.5,17.7
42,23.5,24,24,393.1,923.8,530.7,17.6
42,24,24.5,25,394.3,941.8,547.5,17.7
42,27,27.5,26,394.2,933.5,539.3,17.7
42,27.5,28,27,394.2,926.8,532.6,17.7
42,28,28.5,28,394.3,924,529.7,17.6
42,28.5,29,29,394.4,915,520.6,17.7
42,29,29.5,30,394,916,522,17.7
43,0,0.5,1,393.3,631,237.7,15.6
43,0.5,1,2,392.9,913.8,520.9,15.4
43,1,1.5,3,394.4,897.5,503.1,15.3
43,3.5,4,4,393.6,913.8,520.2,15.3
43,4,4.5,5,394.4,911.7,517.3,15.4
43,7,7.5,6,393.3,938.5,545.2,15.2
43,7.5,8,7,393.3,936.7,543.4,15.2
43,8,8.5,8,393,937.3,544.3,15.2
43,8.5,9,9,393.4,948.9,555.5,15.2
43,12,12.5,11,394.4,937.3,542.9,15.1
43,12.5,13,12,393.1,935.2,542.1,15.1
43,13,13.5,13,392.4,940,547.6,15.1
43,13.5,14,14,393.9,930.7,536.8,15.1
43,14,14.5,15,393.4,928,534.6,15.2
43,17,17.5,16,393.2,943.6,550.4,15.3
43,17.5,18,17,394,929.6,535.6,15.2
43,18,18.5,18,393,935.6,542.6,15.2
43,18.5,19,19,392.3,947.5,555.2,15.2
43,19,19.5,20,394.2,927,532.8,15.3
43,22,22.5,21,393.4,918.7,525.3,15.2
43,22.5,23,22,393.3,919.8,526.5,15.2
43,23,23.5,23,393.3,912.4,519.1,15.2
43,23.5,24,24,393.1,925.6,532.5,15.2
43,24,24.5,25,394.3,932.2,537.9,15.2
43,27,27.5,26,394.2,913.4,519.2,15.2
43,27.5,28,27,394.2,920.4,526.2,15.2
43,28,28.5,28,394.3,943.1,548.8,15.2
43,28.5,29,29,394.4,936.7,542.3,15.2
43,29,29.5,30,394,929,535,15.2
44,0,0.5,1,393.3,626.3,233,15.5
44,0.5,1,2,392.9,907.5,514.6,15.3
44,1,1.5,3,394.4,919.6,525.2,15.3
44,3.5,4,4,393.6,908,514.4,15.3
44,4,4.5,5,394.4,904,509.6,15.5
44,7,7.5,6,393.3,915.5,522.2,15.4
44,7.5,8,7,393.3,897.5,504.2,15.3
44,8,8.5,8,393,912.1,519.1,15.3
44,8.5,9,9,393.4,902.5,509.1,15.3
44,9,9.5,10,393.2,917,523.8,15.3
44,12,12.5,11,394.4,917.9,523.5,15.4
44,12.5,13,12,393.1,920.2,527.1,15.3
44,13,13.5,13,392.4,910.8,518.4,15.4
44,13.5,14,14,393.9,924.2,530.3,15.4
44,14,14.5,15,393.4,887,493.6,15.4
44,17,17.5,16,393.2,915.5,522.3,15.5
44,17.5,18,17,394,903.8,509.8,15.5
44,18,18.5,18,393,899.4,506.4,15.5
44,18.5,19,19,392.3,918.8,526.5,15.5
44,19,19.5,20,394.2,915.1,520.9,15.5
44,22,22.5,21,393.4,928.6,535.2,15.5
44,22.5,23,22,393.3,913.1,519.8,15.4
44,23,23.5,23,393.3,928.6,535.3,15.4
44,23.5,24,24,393.1,905.2,512.1,15.4
44,24,24.5,25,394.3,914.3,520,15.4
44,27,27.5,26,394.2,923.4,529.2,15.5
44,27.5,28,27,394.2,932,537.8,15.4
44,28,28.5,28,394.3,919.9,525.6,15.4
44,28.5,29,29,394.4,899.3,504.9,15.4
44,29,29.5,30,394,917.1,523.1,15.5
45,0,0.5,1,393.3,636.9,243.6,16.3
45,0.5,1,2,392.9,901.6,508.7,16.1
45,1,1.5,3,394.4,859.2,464.8,16.1
45,3.5,4,4,393.6,877.9,484.3,16.1
45,4,4.5,5,394.4,903.9,509.5,16.2
45,7,7.5,6,393.3,856.1,462.8,16
45,7.5,8,7,393.3,897.6,504.3,16
45,8,8.5,8,393,875.8,482.8,16
45,12,12.5,11,394.4,882,487.6,16
45,12.5,13,12,393.1,893.4,500.3,15.9
45,13,13.5,13,392.4,915.7,523.3,16
45,13.5,14,14,393.9,899.1,505.2,16
45,14,14.5,15,393.4,882.3,488.9,16
45,17,17.5,16,393.2,904.6,511.4,16.1
45,17.5,18,17,394,903.3,509.3,16.1
45,18,18.5,18,393,884.4,491.4,16.1
45,18.5,19,19,392.3,877,484.7,16
45,19,19.5,20,394.2,890.9,496.7,16
45,22,22.5,21,393.4,881.8,488.4,16
45,22.5,23,22,393.3,891.8,498.5,16
45,23,23.5,23,393.3,892,498.7,15.9
45,23.5,24,24,393.1,889.6,496.5,16
45,24,24.5,25,394.3,906.2,511.9,16.1
45,27,27.5,26,394.2,867,472.8,16
45,27.5,28,27,394.2,888.8,494.6,16
45,28,28.5,28,394.3,900.4,506.1,16
45,28.5,29,29,394.4,884.5,490.1,16
45,29,29.5,30,394,893.1,499.1,16.1
46,0,0.5,1,393.3,646.3,253,16.5
46,0.5,1,2,392.9,873.1,480.2,16.4
46,1,1.5,3,394.4,901.1,506.7,16.4
46,3.5,4,4,393.6,873.9,480.3,16.3
46,4,4.5,5,394.4,909.9,515.5,16.4
46,7,7.5,6,393.3,903.7,510.4,16.2
46,7.5,8,7,393.3,909.8,516.5,16.2
46,8,8.5,8,393,912.8,519.8,16.2
46,12,12.5,11,394.4,920.9,526.5,16.2
46,12.5,13,12,393.1,911,517.9,16.2
46,13,13.5,13,392.4,905.1,512.7,16.2
46,13.5,14,14,393.9,898.4,504.5,16.2
46,14,14.5,15,393.4,905,511.6,16.2
46,17,17.5,16,393.2,924.1,530.9,16.2
46,17.5,18,17,394,923.8,529.8,16.2
46,18,18.5,18,393,912.4,519.4,16.1
46,18.5,19,19,392.3,912.2,519.9,16.2
46,19,19.5,20,394.2,910.4,516.2,16.3
46,22,22.5,21,393.4,908.1,514.7,16.1
46,22.5,23,22,393.3,922.6,529.3,16.1
46,23,23.5,23,393.3,900.3,507,16.1
46,23.5,24,24,393.1,929.6,536.5,16.1
46,24,24.5,25,394.3,908.4,514.1,16.2
46,27,27.5,26,394.2,914.5,520.3,16.2
46,27.5,28,27,394.2,926.9,532.7,16.2
46,28,28.5,28,394.3,913,518.7,16.1
46,28.5,29,29,394.4,916,521.6,16.1
46,29,29.5,30,394,909.3,515.3,16.2
47,0,0.5,1,393.3,620.8,227.5,16.4
47,0.5,1,2,392.9,876.7,483.8,16.1
47,1,1.5,3,394.4,877.6,483.2,16.1
47,3.5,4,4,393.6,904.1,510.5,16.1
47,4,4.5,5,394.4,887.7,493.3,16.2
47,12,12.5,11,394.4,909.1,514.7,15.7
47,12.5,13,12,393.1,901.2,508.1,15.7
47,13,13.5,13,392.4,909.2,516.8,15.7
47,13.5,14,14,393.9,926.8,532.9,15.7
47,14,14.5,15,393.4,902.2,508.8,15.8
47,17,17.5,16,393.2,924.4,531.2,15.7
47,17.5,18,17,394,913.9,519.9,15.7
47,18,18.5,18,393,893.8,500.8,15.7
47,18.5,19,19,392.3,917.5,525.2,15.7
47,19,19.5,20,394.2,904.6,510.4,15.7
47,22,22.5,21,393.4,935.1,541.7,15.6
47,22.5,23,22,393.3,902.5,509.2,15.6
47,23,23.5,23,393.3,892.5,499.2,15.6
47,23.5,24,24,393.1,914.3,521.2,15.6
47,24,24.5,25,394.3,898.6,504.3,15.6
47,27,27.5,26,394.2,921.2,527,15.4
47,27.5,28,27,394.2,910.1,515.9,15.4
47,28,28.5,28,394.3,910.9,516.6,15.4
47,28.5,29,29,394.4,912.3,517.9,15.4
47,29,29.5,30,394,909.8,515.8,15.4
48,0,0.5,1,393.3,652.4,259.1,16
48,0.5,1,2,392.9,887.7,494.8,15.7
48,1,1.5,3,394.4,883.1,488.7,25.7
48,3.5,4,4,393.6,898,504.4,15.6
48,4,4.5,5,394.4,908.8,514.4,15.7
48,7,7.5,6,393.3,925,531.7,15.5
48,7.5,8,7,393.3,914.5,521.2,15.5
48,8,8.5,8,393,920.4,527.4,15.5
48,8.5,9,9,393.4,915.1,521.7,15.5
48,12,12.5,11,394.4,922.1,527.7,15.6
48,12.5,13,12,393.1,923,529.9,15.5
48,13,13.5,13,392.4,913.5,521.1,15.5
48,13.5,14,14,393.9,909,515.1,15.5
48,14,14.5,15,393.4,902.4,509,15.6
48,17,17.5,16,393.2,932.6,539.4,15.8
48,17.5,18,17,394,915.1,521.1,15.7
48,18,18.5,18,393,923.6,530.6,15.7
48,18.5,19,19,392.3,920.8,528.5,15.7
48,19,19.5,20,394.2,937.4,543.2,15.8
48,22,22.5,21,393.4,933.3,539.9,15.7
48,22.5,23,22,393.3,918.1,524.8,15.7
48,23,23.5,23,393.3,918,524.7,15.6
48,23.5,24,24,393.1,916.1,523,15.7
48,24,24.5,25,394.3,923.1,528.8,15.7
48,27,27.5,26,394.2,921.7,527.5,15.8
48,27.5,28,27,394.2,919.8,525.6,15.7
48,28,28.5,28,394.3,922.1,527.8,15.7
48,28.5,29,29,394.4,933,538.6,15.7
48,29,29.5,30,394,900.1,506.1,15.9
49,0,1,1,393.3,932.3,539,15.7
49,1,2,2,392.9,1131.4,738.5,15.5
49,2,3,3,393.7,1113.9,720.2,15.5
49,3,4,4,393.6,1093.8,700.2,15.5
49,5,6,6,393.3,1125.6,732.3,15.5
49,6,7,7,393.3,1119.6,726.3,15.5
49,7,8,8,394.1,1113.8,719.7,15.5
49,10,11,11,394.4,1112.9,718.5,15.6
49,11,12,12,393.1,1110.3,717.2,15.5
49,12,13,13,392.4,1118,725.6,15.6
49,15,16,16,393.2,1131,737.8,15.7
49,16,17,17,394,1127.8,733.8,15.6
49,17,18,18,394.5,1117.7,723.2,15.7
49,20,21,21,393.4,1146.2,752.8,15.6
49,21,22,22,393.3,1123.9,730.6,15.6
49,22,23,23,393.3,1141.2,747.9,15.6
49,25,26,26,394.2,1125.4,731.2,15.6
49,26,27,27,394.2,1127.2,733,15.6
49,27,28,28,394.3,1143.8,749.5,15.6
50,0,1,1,393.3,891.1,497.8,16.2
50,1,2,2,392.9,1125,732.1,16
50,2,3,3,393.7,1128.6,734.9,16
50,3,4,4,393.6,1140.3,746.7,16
50,5,6,6,393.3,1130.4,737.1,16
50,6,7,7,393.3,1110.8,717.5,15.9
50,7,8,8,394.1,1128.5,734.4,15.9
50,10,11,11,394.4,1156.3,761.9,15.9
50,11,12,12,393.1,1143.4,750.3,15.9
50,12,13,13,392.4,1155.1,762.7,16
50,15,16,16,393.2,1146.9,753.7,16
50,16,17,17,394,1141.9,747.9,15.9
50,17,18,18,394.5,1123.7,729.2,16
50,20,21,21,393.4,1132.2,738.8,15.9
50,21,22,22,393.3,1123.9,730.6,15.9
50,22,23,23,393.3,1142.3,749,15.9
50,25,26,26,394.2,1143.6,749.4,16
50,26,27,27,394.2,1134.2,740,15.9
50,27,28,28,394.3,1123.6,729.3,15.9
51,0,1,1,393.3,876.2,482.9,16.6
51,1,2,2,392.9,1124.4,731.5,16.3
51,2,3,3,393.7,1120.6,726.9,16.2
51,3,4,4,393.6,1106.9,713.3,16.1
51,5,6,6,393.3,1121.3,728,15.8
51,6,7,7,393.3,1122.3,729,15.7
51,7,8,8,394.1,1138.8,744.7,15.8
51,10,11,11,394.4,1141.3,746.9,15.7
51,11,12,12,393.1,1109.7,716.6,15.7
51,12,13,13,392.4,1141.1,748.7,15.8
51,15,16,16,393.2,1149.6,756.4,15.8
51,16,17,17,394,1149.2,755.2,15.7
51,17,18,18,394.5,1140.4,745.9,15.8
51,20,21,21,393.4,1160.5,767.1,15.9
51,21,22,22,393.3,1153.4,760.1,15.8
51,22,23,23,393.3,1153.7,760.4,15.9
51,25,26,26,394.2,1144.2,750,15.9
51,26,27,27,394.2,1199.2,805,15.9
51,27,28,28,394.3,1131.6,737.3,15.9
52,0,1,1,393.3,880.7,487.4,16.9
52,1,2,2,392.9,1115.9,723,16.7
52,2,3,3,393.7,1126.8,733.1,16.6
52,3,4,4,393.6,1127.9,734.3,16.7
52,5,6,6,393.3,1119.1,725.8,16.5
52,6,7,7,393.3,1134.1,740.8,16.3
52,7,8,8,394.1,1137.3,743.2,16.4
52,10,11,11,394.4,1132.9,738.5,16.3
52,11,12,12,393.1,1142.2,749.1,16.2
52,12,13,13,392.4,1126.1,733.7,16.3
52,15,16,16,393.2,1155,761.8,16.4
52,16,17,17,394,1135.1,741.1,16.3
52,17,18,18,394.5,1141.6,747.1,16.3
52,20,21,21,393.4,1124.8,731.4,16.3
52,21,22,22,393.3,1129.5,736.2,16.2
52,22,23,23,393.3,1157.9,764.6,16.3
52,25,26,26,394.2,1148,753.8,16.5
52,26,27,27,394.2,1160.9,766.7,16.5
52,27,28,28,394.3,1143.6,749.3,16.5
53,0,1,1,393.3,904.9,511.6,18.2
53,1,2,2,392.9,1141.3,748.4,17.9
53,2,3,3,393.7,1147.6,753.9,18
53,3,4,4,393.6,1146.7,753.1,18.1
53,5,6,6,393.3,1159.8,766.5,18
53,6,7,7,393.3,1145.1,751.8,17.9
53,7,8,8,394.1,1159.6,765.5,17.9
53,10,11,11,394.4,1189.4,795,18.3
53,11,12,12,393.1,1133.7,740.6,17.9
53,12,13,13,392.4,1170.7,778.3,18.3
53,15,16,16,393.2,1158.4,765.2,18.3
53,16,17,17,394,1143.5,749.5,18.1
53,17,18,18,394.5,1153.5,759,18.3
53,20,21,21,393.4,1142.1,748.7,17.8
53,21,22,22,393.3,1143.1,749.8,17.6
53,22,23,23,393.3,1155.6,762.3,17.9
53,25,26,26,394.2,1167.7,773.5,18.1
53,26,27,27,394.2,1149.1,754.9,17.9
53,27,28,28,394.3,1159.6,765.3,18.3
54,0,1,1,393.3,874.1,480.8,17.4
54,1,2,2,392.9,1119.9,727,16.9
54,2,3,3,393.7,1142.4,748.7,16.8
54,3,4,4,393.6,1146.9,753.3,17
54,5,6,6,393.3,1134.4,741.1,16.6
54,6,7,7,393.3,1142.9,749.6,16.4
54,7,8,8,394.1,1143.9,749.8,16.5
54,10,11,11,394.4,1138.3,743.9,16.4
54,11,12,12,393.1,1137.5,744.4,16.2
54,12,13,13,392.4,1124.5,732.1,16.4
54,15,16,16,393.2,1138.6,745.4,16.5
54,16,17,17,394,1140.3,746.3,16.5
54,17,18,18,394.5,1149.7,755.2,16.6
54,25,26,26,394.2,1151.3,757.1,16.7
54,26,27,27,394.2,1157,762.8,16.7
54,27,28,28,394.3,1156.1,761.8,16.7
55,0,1,1,393.3,902,508.7,15.8
55,1,2,2,392.9,1102.3,709.4,15.6
55,2,3,3,393.7,1084.5,690.8,15.7
55,3,4,4,393.6,1108.1,714.5,15.8
55,5,6,6,393.3,1145.8,752.5,15.7
55,10,11,11,394.4,1148.4,754,15.7
55,11,12,12,393.1,1119.3,726.2,15.7
55,12,13,13,392.4,1127.8,735.4,15.7
55,15,16,16,393.2,1099.9,706.7,15.8
55,16,17,17,394,1130,736,15.7
55,17,18,18,394.5,1130.2,735.7,15.7
55,20,21,21,393.4,1134.5,741.1,15.7
55,21,22,22,393.3,1118.4,725.1,15.7
55,22,23,23,393.3,1127.7,734.4,15.7
55,25,26,26,394.2,1126.1,731.9,15.7
55,26,27,27,394.2,1124.5,730.3,15.7
55,27,28,28,394.3,1129.7,735.4,15.7
56,0,1,1,393.3,896.9,503.6,16.5
56,1,2,2,392.9,1115.5,722.6,16.3
56,2,3,3,393.7,1141,747.3,16.3
56,3,4,4,393.6,1134.2,740.6,16.3
56,5,6,6,393.3,1118.8,725.5,16.2
56,6,7,7,393.3,1114.1,720.8,16.1
56,7,8,8,394.1,1124,729.9,16.1
56,10,11,11,394.4,1128.6,734.2,16.3
56,11,12,12,393.1,1114.4,721.3,16.1
56,12,13,13,392.4,1129.8,737.4,16.2
56,15,16,16,393.2,1138.5,745.3,16.3
56,16,17,17,394,1112.8,718.8,16.2
56,17,18,18,394.5,1124.7,730.2,16.3
56,20,21,21,393.4,1120.2,726.8,16.2
56,21,22,22,393.3,1116.9,723.6,16.1
56,22,23,23,393.3,1126.3,733,16.2
56,25,26,26,394.2,1124.5,730.3,16.2
56,26,27,27,394.2,1120,725.8,16.1
56,27,28,28,394.3,1112.7,718.4,16.2
57,0,1,1,393.3,821.9,428.6,16.6
57,1,2,2,392.9,1121.6,728.7,16.5
57,2,3,3,393.7,1121.1,727.4,16.4
57,3,4,4,393.6,1121.5,727.9,16.5
57,5,6,6,393.3,1121,727.7,16.4
57,6,7,7,393.3,1108.8,715.5,16.2
57,7,8,8,394.1,1135.5,741.4,16.3
57,10,11,11,394.4,1120.5,726.1,16.3
57,11,12,12,393.1,1127.8,734.7,16.2
57,12,13,13,392.4,1104.1,711.7,16.3
57,15,16,16,393.2,1119,725.8,16.3
57,16,17,17,394,1113.8,719.8,16.2
57,17,18,18,394.5,1118.5,724,16.3
57,20,21,21,393.4,1124.6,731.2,16.2
57,21,22,22,393.3,1101.3,708,16.2
57,22,23,23,393.3,1097.6,704.3,16.2
57,25,26,26,394.2,1114.5,720.3,16.2
57,26,27,27,394.2,1112.3,718.1,16.2
57,27,28,28,394.3,1121.8,727.5,16.2
58,0,1,1,393.3,834.6,441.3,16.5
58,1,2,2,392.9,1094.6,701.7,16.2
58,2,3,3,393.7,1093.6,699.9,16.3
58,3,4,4,393.6,1109.3,715.7,16.3
58,5,6,6,393.3,1132.3,739,16
58,6,7,7,393.3,1103,709.7,16
58,7,8,8,394.1,1125.7,731.6,16
58,10,11,11,394.4,1129.1,734.7,16
58,11,12,12,393.1,1105.5,712.4,15.9
58,12,13,13,392.4,1100.3,707.9,15.9
58,15,16,16,393.2,1118.9,725.7,16
58,16,17,17,394,1088.6,694.6,16
58,17,18,18,394.5,1113.4,718.9,16
58,20,21,21,393.4,1110.9,717.5,15.9
58,21,22,22,393.3,1121.1,727.8,15.9
58,22,23,23,393.3,1116.2,722.9,15.9
58,25,26,26,394.2,1155.9,761.7,15.9
58,26,27,27,394.2,1123.9,729.7,15.9
58,27,28,28,394.3,1129.4,735.1,15.9
59,0,1,1,393.3,837,443.7,16.3
59,1,2,2,392.9,1133,740.1,16.2
59,2,3,3,393.7,1139.6,745.9,16.2
59,3,4,4,393.6,1141.3,747.7,16
59,5,6,6,393.3,1130.4,737.1,15.9
59,6,7,7,393.3,1130.9,737.6,15.9
59,7,8,8,394.1,1134,739.9,15.8
59,10,11,11,394.4,1142.3,747.9,15.9
59,11,12,12,393.1,1134.9,741.8,15.8
59,12,13,13,392.4,1131.1,738.7,15.7
59,15,16,16,393.2,1141.3,748.1,15.8
59,16,17,17,394,1147.6,753.6,15.7
59,17,18,18,394.5,1147.7,753.2,15.8
59,20,21,21,393.4,1156.6,763.2,15.7
59,21,22,22,393.3,1150.8,757.5,15.7
59,22,23,23,393.3,1151.4,758.1,15.7
59,25,26,26,394.2,1157.4,763.2,15.8
59,26,27,27,394.2,1163.1,768.9,15.7
59,27,28,28,394.3,1157.2,762.9,15.7
60,0,1,1,393.3,864.1,470.8,16.1
60,1,2,2,392.9,1130.2,737.3,15.9
60,2,3,3,393.7,1145.1,751.4,15.8
60,3,4,4,393.6,1151.9,758.3,15.9
60,5,6,6,393.3,1147.8,754.5,15.7
60,6,7,7,393.3,1149.4,756.1,15.6
60,7,8,8,394.1,1157.3,763.2,15.6
60,10,11,11,394.4,1172.2,777.8,15.7
60,11,12,12,393.1,1153.2,760.1,15.6
60,12,13,13,392.4,1129.7,737.3,15.7
60,15,16,16,393.2,1103.8,710.6,15.8
60,16,17,17,394,1116.1,722.1,15.7
60,17,18,18,394.5,1111.7,717.2,15.8
60,20,21,21,393.4,1122.1,728.7,15.7
60,21,22,22,393.3,1109.5,716.2,15.7
60,22,23,23,393.3,1127.7,734.4,15.7
60,25,26,26,394.2,1141.2,747,15.8
60,26,27,27,394.2,1158.3,764.1,15.7
60,27,28,28,394.3,1087.3,693,15.8
61,1,2,2,392.9,805.3,412.4,16
61,2,3,3,393.7,803.2,409.5,16
61,3,4,4,393.6,801,407.4,16
61,5,6,6,393.3,800.3,407,16
61,6,7,7,393.3,813,419.7,15.8
61,7,8,8,394.1,799.5,405.4,15.9
61,10,11,11,394.4,801.8,407.4,16
61,11,12,12,393.1,808.7,415.6,15.9
61,12,13,13,392.4,797.3,404.9,16
61,15,16,16,393.2,805.3,412.1,16
61,16,17,17,394,795.9,401.9,16
61,17,18,18,394.5,792.6,398.1,16
61,20,21,21,393.4,794,400.6,16
61,21,22,22,393.3,803.6,410.3,15.9
61,22,23,23,393.3,806.7,413.4,15.9
61,25,26,26,394.2,809,414.8,16
61,26,27,27,394.2,801.8,407.6,15.9
61,27,28,28,394.3,805.3,411,16
62,0,1,1,393.3,591.5,198.2,16.4
62,1,2,2,392.9,814.2,421.3,16.1
62,2,3,3,393.7,825,431.3,16.2
62,3,4,4,393.6,815.9,422.3,16.2
62,5,6,6,393.3,821,427.7,16
62,6,7,7,393.3,815.3,422,16
62,7,8,8,394.1,819.1,425,16
62,10,11,11,394.4,824.9,430.5,16
62,11,12,12,393.1,826.2,433.1,16
62,12,13,13,392.4,814.8,422.4,16
62,15,16,16,393.2,825.4,432.2,16
62,16,17,17,394,824.9,430.9,16
62,17,18,18,394.5,825.9,431.4,16
62,20,21,21,393.4,807.7,414.3,16
62,21,22,22,393.3,790.2,396.9,15.9
62,22,23,23,393.3,803.4,410.1,15.9
62,25,26,26,394.2,809.3,415.1,16
62,26,27,27,394.2,800.6,406.4,15.9
62,27,28,28,394.3,802.4,408.1,15.9
63,0,1,1,393.3,606.7,213.4,16.3
63,1,2,2,392.9,806.5,413.6,16.2
63,2,3,3,393.7,818.2,424.5,16.1
63,3,4,4,393.6,807.1,413.5,16.2
63,5,6,6,393.3,821,427.7,16.1
63,6,7,7,393.3,810.4,417.1,16
63,7,8,8,394.1,811.7,417.6,16
63,10,11,11,394.4,813.9,419.5,16
63,11,12,12,393.1,825.8,432.7,15.9
63,12,13,13,392.4,820.4,428,15.9
63,15,16,16,393.2,815.4,422.2,16
63,16,17,17,394,821.3,427.3,16
63,17,18,18,394.5,818.1,423.6,16
63,20,21,21,393.4,837.8,444.4,16
63,21,22,22,393.3,805.3,412,15.9
63,22,23,23,393.3,814.4,421.1,16
63,25,26,26,394.2,823.3,429.1,15.9
63,26,27,27,394.2,821,426.8,15.9
63,27,28,28,394.3,825,430.7,15.9
64,0,1,1,393.3,599.8,206.5,16.8
64,1,2,2,392.9,825.4,432.5,16.5
64,2,3,3,393.7,822.8,429.1,16.6
64,3,4,4,393.6,813.5,419.9,16.7
64,5,6,6,393.3,814.4,421.1,16.5
64,6,7,7,393.3,830.5,437.2,16.4
64,7,8,8,394.1,821,426.9,16.4
64,10,11,11,394.4,824.9,430.5,16.5
64,11,12,12,393.1,822.6,429.5,16.4
64,12,13,13,392.4,823.4,431,16.5
64,15,16,16,393.2,828.1,434.9,16.5
64,16,17,17,394,822.3,428.3,16.5
64,17,18,18,394.5,829,434.5,16.5
64,20,21,21,393.4,826.1,432.7,16.5
64,21,22,22,393.3,816.5,423.2,16.5
64,25,26,26,394.2,829.5,435.3,16.5
64,26,27,27,394.2,831.9,437.7,16.4
64,27,28,28,394.3,829.1,434.8,16.5
65,0,1,1,393.3,626.5,233.2,17.3
65,1,2,2,392.9,810,417.1,17.1
65,2,3,3,393.7,828.8,435.1,17
65,3,4,4,393.6,814.7,421.1,17.1
65,5,6,6,393.3,806.8,413.5,16.9
65,6,7,7,393.3,815.6,422.3,16.8
65,7,8,8,394.1,802.5,408.4,16.8
65,10,11,11,394.4,825.9,431.5,16.8
65,11,12,12,393.1,812.1,419,16.7
65,12,13,13,392.4,812.5,420.1,16.7
65,15,16,16,393.2,818.7,425.5,16.7
65,16,17,17,394,807.6,413.6,16.7
65,17,18,18,394.5,805,410.5,16.7
65,20,21,21,393.4,808.3,414.9,16.6
65,21,22,22,393.3,807.9,414.6,16.5
65,22,23,23,393.3,829.1,435.8,16.5
65,25,26,26,394.2,812.6,418.4,16.5
65,26,27,27,394.2,800.5,406.3,16.4
65,27,28,28,394.3,812.7,418.4,16.4
66,0,1,1,393.3,620,226.7,16.8
66,1,2,2,392.9,799.6,406.7,16.5
66,2,3,3,393.7,787.3,393.6,16.5
66,3,4,4,393.6,797.6,404,16.5
66,5,6,6,393.3,800.3,407,16.4
66,6,7,7,393.3,805,411.7,16.3
66,7,8,8,394.1,819.3,425.2,16.3
66,10,11,11,394.4,806.5,412.1,16.2
66,11,12,12,393.1,806.9,413.8,16.2
66,12,13,13,392.4,801.1,408.7,16.2
66,15,16,16,393.2,815.2,422,16.2
66,16,17,17,394,800.7,406.7,16.2
66,17,18,18,394.5,796.7,402.2,16.2
66,20,21,21,393.4,810.7,417.3,16.2
66,21,22,22,393.3,797.4,404.1,16.2
66,22,23,23,393.3,803,409.7,16.1
66,25,26,26,394.2,810.3,416.1,16.1
66,26,27,27,394.2,793.2,399,16.1
66,27,28,28,394.3,798.6,404.3,16.1
67,0,1,1,393.3,599.1,205.8,16
67,1,2,2,392.9,801.1,408.2,15.7
67,2,3,3,393.7,808.6,414.9,15.7
67,3,4,4,393.6,810.5,416.9,15.7
67,5,6,6,393.3,803.5,410.2,15.7
67,6,7,7,393.3,808.3,415,15.6
67,7,8,8,394.1,808.4,414.3,15.6
67,10,11,11,394.4,812.8,418.4,15.6
67,11,12,12,393.1,807.2,414.1,15.6
67,12,13,13,392.4,805.4,413,15.6
67,15,16,16,393.2,806.7,413.5,15.7
67,16,17,17,394,809.8,415.8,15.6
67,17,18,18,394.5,793.5,399,15.7
67,20,21,21,393.4,796.3,402.9,15.5
67,21,22,22,393.3,797.3,404,15.4
67,22,23,23,393.3,804.3,411,15.5
67,25,26,26,394.2,799,404.8,15.6
67,26,27,27,394.2,809.7,415.5,15.6
67,27,28,28,394.3,805.1,410.8,15.5
68,0,1,1,393.3,611.7,218.4,15.9
68,1,2,2,392.9,790.4,397.5,15.8
68,2,3,3,393.7,815,421.3,15.8
68,3,4,4,393.6,820.7,427.1,15.7
68,5,6,6,393.3,831.9,438.6,15.6
68,6,7,7,393.3,815.8,422.5,15.5
68,7,8,8,394.1,823.3,429.2,15.6
68,10,11,11,394.4,826.4,432,15.6
68,11,12,12,393.1,823.5,430.4,15.5
68,12,13,13,392.4,817.3,424.9,15.6
68,15,16,16,393.2,818,424.8,15.6
68,16,17,17,394,827.5,433.5,15.5
68,17,18,18,394.5,820.1,425.6,15.5
68,20,21,21,393.4,828.9,435.5,15.5
68,21,22,22,393.3,821,427.7,15.4
68,22,23,23,393.3,812.5,419.2,15.5
68,25,26,26,394.2,821.5,427.3,15.5
68,26,27,27,394.2,817.5,423.3,15.4
68,27,28,28,394.3,825,430.7,15.5
69,0,1,1,393.3,624.2,230.9,16.1
69,1,2,2,392.9,809.1,416.2,15.9
69,2,3,3,393.7,809.4,415.7,15.9
69,3,4,4,393.6,814.5,420.9,16
69,5,6,6,393.3,825.4,432.1,15.8
69,6,7,7,393.3,835.7,442.4,15.7
69,7,8,8,394.1,808.4,414.3,15.8
69,10,11,11,394.4,824.1,429.7,15.8
69,11,12,12,393.1,822.8,429.7,15.7
69,12,13,13,392.4,812.5,420.1,15.8
69,15,16,16,393.2,825.8,432.6,15.8
69,16,17,17,394,812.6,418.6,15.7
69,17,18,18,394.5,817.1,422.6,15.8
69,20,21,21,393.4,822.8,429.4,15.7
69,21,22,22,393.3,812.7,419.4,15.6
69,22,23,23,393.3,825.1,431.8,15.7
69,25,26,26,394.2,817.4,423.2,15.6
69,26,27,27,394.2,812.3,418.1,15.5
69,27,28,28,394.3,810.6,416.3,15.6
70,0,1,1,393.3,647,253.7,15.9
70,1,2,2,392.9,793.8,400.9,15.8
70,2,3,3,393.7,824.4,430.7,15.8
70,3,4,4,393.6,804.7,411.1,15.9
70,5,6,6,393.3,807.2,413.9,15.7
70,6,7,7,393.3,814.8,421.5,15.6
70,7,8,8,394.1,799.7,405.6,15.7
70,10,11,11,394.4,823.4,429,15.7
70,11,12,12,393.1,811.9,418.8,15.6
70,12,13,13,392.4,803.8,411.4,15.7
70,15,16,16,393.2,808.4,415.2,15.6
70,16,17,17,394,828.4,434.4,15.6
70,17,18,18,394.5,820.7,426.2,15.6
70,20,21,21,393.4,826.4,433,15.5
70,21,22,22,393.3,822.9,429.6,15.5
70,22,23,23,393.3,812.5,419.2,15.5
70,25,26,26,394.2,821.8,427.6,15.5
70,26,27,27,394.2,820.3,426.1,15.5
70,27,28,28,394.3,814.3,420,15.5
71,0,1,1,393.3,647.3,254,16.2
71,1,2,2,392.9,799.6,406.7,16.1
71,2,3,3,393.7,797.2,403.5,16.1
71,3,4,4,393.6,812.8,419.2,16.1
71,5,6,6,393.3,826.2,432.9,15.9
71,6,7,7,393.3,808.2,414.9,15.8
71,7,8,8,394.1,807.5,413.4,15.9
71,10,11,11,394.4,816.8,422.4,16
71,11,12,12,393.1,816.5,423.4,15.8
71,12,13,13,392.4,823.5,431.1,15.9
71,15,16,16,393.2,803.1,409.9,16
71,16,17,17,394,819.9,425.9,15.9
71,17,18,18,394.5,799,404.5,15.9
71,20,21,21,393.4,815.1,421.7,15.8
71,21,22,22,393.3,808.1,414.8,15.7
71,22,23,23,393.3,817.9,424.6,15.8
71,25,26,26,394.2,821.9,427.7,15.8
71,26,27,27,394.2,814.3,420.1,15.7
71,27,28,28,394.3,809.3,415,15.8
72,0,1,1,393.3,625,231.7,16.4
72,3,4,4,393.6,808.8,415.2,16.3
72,5,6,6,393.3,812.6,419.3,16.1
72,6,7,7,393.3,793.4,400.1,16
72,7,8,8,394.1,804.2,410.1,15.9
72,10,11,11,394.4,802.4,408,16.1
72,11,12,12,393.1,821,427.9,16
72,12,13,13,392.4,805.7,413.3,16
72,15,16,16,393.2,814.9,421.7,16.1
72,16,17,17,394,817.7,423.7,16
72,17,18,18,394.5,803.7,409.2,16.1
72,20,21,21,393.4,820,426.6,15.9
72,21,22,22,393.3,801.8,408.5,15.8
72,22,23,23,393.3,804.6,411.3,15.9
72,25,26,26,394.2,815.8,421.6,16
72,26,27,27,394.2,824.6,430.4,16
72,27,28,28,394.3,806.7,412.4,16