"","condition","t","pred_frac"
"1",1,0,0
"2",1,0.303030303030303,0.0369789363384714
"3",1,0.606060606060606,0.0719977548040813
"4",1,0.909090909090909,0.105160354060662
"5",1,1.21212121212121,0.136565125484707
"6",1,1.51515151515152,0.166305245086483
"7",1,1.81818181818182,0.19446894995748
"8",1,2.12121212121212,0.221139800064394
"9",1,2.42424242424242,0.246396926166364
"10",1,2.72727272727273,0.270315264591035
"11",1,3.03030303030303,0.292965779565994
"12",1,3.33333333333333,0.314415673765234
"13",1,3.63636363636364,0.334728587695327
"14",1,3.93939393939394,0.353964788512856
"15",1,4.24242424242424,0.372181348833339
"16",1,4.54545454545455,0.389432316062139
"17",1,4.84848484848485,0.405768872749764
"18",1,5.15151515151515,0.421239488447326
"19",1,5.45454545454546,0.435890063512691
"20",1,5.75757575757576,0.449764065293999
"21",1,6.06060606060606,0.462902657094588
"22",1,6.36363636363636,0.475344820301969
"23",1,6.66666666666667,0.48712747004318
"24",1,6.96969696969697,0.498285564709686
"25",1,7.27272727272727,0.508852209676754
"26",1,7.57575757575758,0.518858755525055
"27",1,7.87878787878788,0.528334891055889
"28",1,8.18181818181818,0.537308731376022
"29",1,8.48484848484848,0.545806901313462
"30",1,8.78787878787879,0.553854614411676
"31",1,9.09090909090909,0.561475747736608
"32",1,9.3939393939394,0.568692912718455
"33",1,9.6969696969697,0.575527522238382
"34",1,10,0.581999854159207
"35",1,10.3030303030303,0.588129111488568
"36",1,10.6060606060606,0.593933479353054
"37",1,10.9090909090909,0.59943017895235
"38",1,11.2121212121212,0.604635518653467
"39",1,11.5151515151515,0.609564942376659
"40",1,11.8181818181818,0.614233075416574
"41",1,12.1212121212121,0.618653767834598
"42",1,12.4242424242424,0.622840135551131
"43",1,12.7272727272727,0.626804599259705
"44",1,13.030303030303,0.630558921278417
"45",1,13.3333333333333,0.634114240447993
"46",1,13.6363636363636,0.637481105180043
"47",1,13.9393939393939,0.640669504753538
"48",1,14.2424242424242,0.64368889895239
"49",1,14.5454545454545,0.646548246132035
"50",1,14.8484848484848,0.649256029798326
"51",1,15.1515151515152,0.651820283777567
"52",1,15.4545454545455,0.654248616052374
"53",1,15.7575757575758,0.656548231334092
"54",1,16.0606060606061,0.658725952438727
"55",1,16.3636363636364,0.660788240529816
"56",1,16.6666666666667,0.662741214288298
"57",1,16.969696969697,0.664590668066265
"58",1,17.2727272727273,0.666342089078442
"59",1,17.5757575757576,0.668000673682415
"60",1,17.8787878787879,0.6695713427959
"61",1,18.1818181818182,0.671058756496804
"62",1,18.4848484848485,0.672467327849383
"63",1,18.7878787878788,0.673801235997533
"64",1,19.0909090909091,0.675064438564051
"65",1,19.3939393939394,0.676260683392656
"66",1,19.6969696969697,0.677393519667607
"67",1,20,0.678466308443917
"68",1,20.3030303030303,0.67948223261939
"69",1,20.6060606060606,0.680444306378085
"70",1,20.9090909090909,0.681355384133213
"71",1,21.2121212121212,0.682218168996003
"72",1,21.5151515151515,0.683035220795663
"73",1,21.8181818181818,0.683808963674243
"74",1,22.1212121212121,0.684541693278903
"75",1,22.4242424242424,0.685235583572963
"76",1,22.7272727272727,0.685892693285919
"77",1,23.030303030303,0.686514972021557
"78",1,23.3333333333333,0.687104266042318
"79",1,23.6363636363636,0.687662323747034
"80",1,23.9393939393939,0.688190800858325
"81",1,24.2424242424242,0.688691265335024
"82",1,24.5454545454545,0.689165202024215
"83",1,24.8484848484848,0.689614017066676
"84",1,25.1515151515152,0.690039042068822
"85",1,25.4545454545455,0.690441538053489
"86",1,25.7575757575758,0.690822699201316
"87",1,26.0606060606061,0.691183656393803
"88",1,26.3636363636364,0.691525480568567
"89",1,26.6666666666667,0.691849185896748
"90",1,26.969696969697,0.69215573279199
"91",1,27.2727272727273,0.692446030759931
"92",1,27.5757575757576,0.692720941096649
"93",1,27.8787878787879,0.692981279444072
"94",1,28.1818181818182,0.693227818209942
"95",1,28.4848484848485,0.693461288859495
"96",1,28.7878787878788,0.693682384085677
"97",1,29.0909090909091,0.693891759864321
"98",1,29.3939393939394,0.694090037400385
"99",1,29.6969696969697,0.694277804971027
"100",1,30,0.694455619670992
"101",2,0,0
"102",2,0.303030303030303,0.0323586598630571
"103",2,0.606060606060606,0.0631483438847775
"104",2,0.909090909090909,0.0924451270695377
"105",2,1.21212121212121,0.120321395769449
"106",2,1.51515151515152,0.146846026536212
"107",2,1.81818181818182,0.172084556300969
"108",2,2.12121212121212,0.196099344302645
"109",2,2.42424242424242,0.218949726164854
"110",2,2.72727272727273,0.240692160502078
"111",2,3.03030303030303,0.261380368417339
"112",2,3.33333333333333,0.281065466236046
"113",2,3.63636363636364,0.299796091803967
"114",2,3.93939393939394,0.317618524661387
"115",2,4.24242424242424,0.334576800390377
"116",2,4.54545454545455,0.350712819417694
"117",2,4.84848484848485,0.366066450542165
"118",2,5.15151515151515,0.380675629442315
"119",2,5.45454545454546,0.394576452407666
"120",2,5.75757575757576,0.407803265525279
"121",2,6.06060606060606,0.420388749541896
"122",2,6.36363636363636,0.432364000611377
"123",2,6.66666666666667,0.443758607126928
"124",2,6.96969696969697,0.454600722827962
"125",2,7.27272727272727,0.464917136362222
"126",2,7.57575757575758,0.474733337475047
"127",2,7.87878787878788,0.484073579989311
"128",2,8.18181818181818,0.492960941731654
"129",2,8.48484848484848,0.501417381553066
"130",2,8.78787878787879,0.50946379358471
"131",2,9.09090909090909,0.517120058863041
"132",2,9.3939393939394,0.524405094451781
"133",2,9.6969696969697,0.531336900182104
"134",2,10,0.537932603126534
"135",2,10.3030303030303,0.544208499916437
"136",2,10.6060606060606,0.550180097007659
"137",2,10.9090909090909,0.555862148993799
"138",2,11.2121212121212,0.561268695061796
"139",2,11.5151515151515,0.566413093679878
"140",2,11.8181818181818,0.571308055603606
"141",2,12.1212121212121,0.575965675281545
"142",2,12.4242424242424,0.580397460738175
"143",2,12.7272727272727,0.584614362007855
"144",2,13.030303030303,0.588626798190123
"145",2,13.3333333333333,0.592444683193154
"146",2,13.6363636363636,0.596077450228998
"147",2,13.9393939393939,0.599534075121114
"148",2,14.2424242424242,0.602823098481793
"149",2,14.5454545454545,0.605952646814262
"150",2,14.8484848484848,0.608930452591609
"151",2,15.1515151515152,0.611763873362141
"152",2,15.4545454545455,0.61445990992838
"153",2,15.7575757575758,0.617025223644608
"154",2,16.0606060606061,0.619466152875718
"155",2,16.3636363636364,0.621788728658006
"156",2,16.6666666666667,0.623998689600635
"157",2,16.969696969697,0.626101496064556
"158",2,17.2727272727273,0.628102343653949
"159",2,17.5757575757576,0.63000617605349
"160",2,17.8787878787879,0.631817697243189
"161",2,18.1818181818182,0.633541383120958
"162",2,18.4848484848485,0.63518149256164
"163",2,18.7878787878788,0.636742077939815
"164",2,19.0909090909091,0.63822699514239
"165",2,19.3939393939394,0.639639913095705
"166",2,19.6969696969697,0.640984322830696
"167",2,20,0.642263546108523
"168",2,20.3030303030303,0.643480743627957
"169",2,20.6060606060606,0.644638922834821
"170",2,20.9090909090909,0.645740945352775
"171",2,21.2121212121212,0.646789534053796
"172",2,21.5151515151515,0.647787279785846
"173",2,21.8181818181818,0.648736647774317
"174",2,22.1212121212121,0.649639983713107
"175",2,22.4242424242424,0.650499519560342
"176",2,22.7272727272727,0.651317379053094
"177",2,23.030303030303,0.652095582954694
"178",2,23.3333333333333,0.65283605404763
"179",2,23.6363636363636,0.653540621884346
"180",2,23.9393939393939,0.65421102730769
"181",2,24.2424242424242,0.654848926752183
"182",2,24.5454545454545,0.65545589633673
"183",2,24.8484848484848,0.656033435758885
"184",2,25.1515151515152,0.656582972000296
"185",2,25.4545454545455,0.657105862852486
"186",2,25.7575757575758,0.657603400271678
"187",2,26.0606060606061,0.658076813570953
"188",2,26.3636363636364,0.658527272457633
"189",2,26.6666666666667,0.658955889923386
"190",2,26.969696969697,0.6593637249942
"191",2,27.2727272727273,0.659751785347024
"192",2,27.5757575757576,0.660121029799525
"193",2,27.8787878787879,0.660472370679134
"194",2,28.1818181818182,0.660806676077222
"195",2,28.4848484848485,0.661124771993969
"196",2,28.7878787878788,0.661427444379251
"197",2,29.0909090909091,0.661715441074551
"198",2,29.3939393939394,0.661989473660731
"199",2,29.6969696969697,0.662250219216198
"200",2,30,0.662498321989825
"201",3,0,0
"202",3,0.303030303030303,0.0475142587109049
"203",3,0.606060606060606,0.0922589794945705
"204",3,0.909090909090909,0.134395594740737
"205",3,1.21212121212121,0.174076127176903
"206",3,1.51515151515152,0.211443738344031
"207",3,1.81818181818182,0.246633245102389
"208",3,2.12121212121212,0.279771606031006
"209",3,2.42424242424242,0.310978379475605
"210",3,2.72727272727273,0.340366154897581
"211",3,3.03030303030303,0.368040959080258
"212",3,3.33333333333333,0.394102638657978
"213",3,3.63636363636364,0.41864522034811
"214",3,3.93939393939394,0.441757250185655
"215",3,4.24242424242424,0.463522112984354
"216",3,4.54545454545455,0.484018333176863
"217",3,4.84848484848485,0.503319858119393
"218",3,5.15151515151515,0.521496324882921
"219",3,5.45454545454546,0.538613311493532
"220",3,5.75757575757576,0.554732573528315
"221",3,6.06060606060606,0.569912266920428
"222",3,6.36363636363636,0.584207157777178
"223",3,6.66666666666667,0.5976688199681
"224",3,6.96969696969697,0.610345821195914
"225",3,7.27272727272727,0.622283898221675
"226",3,7.57575757575758,0.633526121876297
"227",3,7.87878787878788,0.644113052453794
"228",3,8.18181818181818,0.654082886046872
"229",3,8.48484848484848,0.663471592352827
"230",3,8.78787878787879,0.672313044446942
"231",3,9.09090909090909,0.680639140991567
"232",3,9.3939393939394,0.688479921321822
"233",3,9.6969696969697,0.695863673823106
"234",3,10,0.702817037991446
"235",3,10.3030303030303,0.70936510054489
"236",3,10.6060606060606,0.715531485932706
"237",3,10.9090909090909,0.72133844156893
"238",3,11.2121212121212,0.726806918097774
"239",3,11.5151515151515,0.731956644980475
"240",3,11.8181818181818,0.736806201676298
"241",3,12.1212121212121,0.741373084674504
"242",3,12.4242424242424,0.745673770619111
"243",3,12.7272727272727,0.749723775754211
"244",3,13.030303030303,0.753537711904306
"245",3,13.3333333333333,0.757129339191624
"246",3,13.6363636363636,0.76051161568062
"247",3,13.9393939393939,0.76369674412878
"248",3,14.2424242424242,0.76669621601237
"249",3,14.5454545454545,0.769520852986006
"250",3,14.8484848484848,0.772180845925589
"251",3,15.1515151515152,0.774685791695497
"252",3,15.4545454545455,0.777044727772659
"253",3,15.7575757575758,0.779266164852448
"254",3,16.0606060606061,0.781358117554024
"255",3,16.3636363636364,0.783328133335901
"256",3,16.6666666666667,0.785183319726071
"257",3,16.969696969697,0.786930369964924
"258",3,17.2727272727273,0.788575587153477
"259",3,17.5757575757576,0.790124906994036
"260",3,17.8787878787879,0.791583919205343
"261",3,18.1818181818182,0.792957887689459
"262",3,18.4848484848485,0.794251769523149
"263",3,18.7878787878788,0.795470232842293
"264",3,19.0909090909091,0.796617673683829
"265",3,19.3939393939394,0.797698231846016
"266",3,19.6969696969697,0.798715805824214
"267",3,20,0.799674066876084
"268",3,20.3030303030303,0.800576472266952
"269",3,20.6060606060606,0.801426277743109
"270",3,20.9090909090909,0.80222654927807
"271",3,21.2121212121212,0.802980174134153
"272",3,21.5151515151515,0.803689871279303
"273",3,21.8181818181818,0.804358201196727
"274",3,22.1212121212121,0.804987575122741
"275",3,22.4242424242424,0.805580263746157
"276",3,22.7272727272727,0.806138405400597
"277",3,23.030303030303,0.806664013779287
"278",3,23.3333333333333,0.807158985200163
"279",3,23.6363636363636,0.807625105447513
"280",3,23.9393939393939,0.808064056214823
"281",3,24.2424242424242,0.808477421172078
"282",3,24.5454545454545,0.808866691679415
"283",3,24.8484848484848,0.809233272167729
"284",3,25.1515151515152,0.809578485205654
"285",3,25.4545454545455,0.809903576271197
"286",3,25.7575757575758,0.810209718245241
"287",3,26.0606060606061,0.810498015643126
"288",3,26.3636363636364,0.810769508599577
"289",3,26.6666666666667,0.81102517662136
"290",3,26.969696969697,0.8112659421212
"291",3,27.2727272727273,0.811492673745704
"292",3,27.5757575757576,0.811706189509319
"293",3,27.8787878787879,0.811907259745604
"294",3,28.1818181818182,0.812096609886478
"295",3,28.4848484848485,0.812274923079478
"296",3,28.7878787878788,0.81244284265245
"297",3,29.0909090909091,0.812600974434585
"298",3,29.3939393939394,0.812749888942158
"299",3,29.6969696969697,0.812890123436871
"300",3,30,0.813022183864213
"301",4,0,0
"302",4,0.303030303030303,0.0161252703236933
"303",4,0.606060606060606,0.031826606466521
"304",4,0.909090909090909,0.0471151536797625
"305",4,1.21212121212121,0.0620017642054714
"306",4,1.51515151515152,0.0764970049797035
"307",4,1.81818181818182,0.0906111651332253
"308",4,2.12121212121212,0.10435426329503
"309",4,2.42424242424242,0.117736054703842
"310",4,2.72727272727273,0.130766038132661
"311",4,3.03030303030303,0.143453462631261
"312",4,3.33333333333333,0.155807334091422
"313",4,3.63636363636364,0.167836421639572
"314",4,3.93939393939394,0.179549263861353
"315",4,4.24242424242424,0.190954174862558
"316",4,4.54545454545455,0.202059250170712
"317",4,4.84848484848485,0.212872372481508
"318",4,5.15151515151515,0.223401217254165
"319",4,5.45454545454546,0.23365325815969
"320",4,5.75757575757576,0.243635772385896
"321",4,6.06060606060606,0.253355845802953
"322",4,6.36363636363636,0.262820377993148
"323",4,6.66666666666667,0.272036087148393
"324",4,6.96969696969697,0.281009514838993
"325",4,7.27272727272727,0.289747030657035
"326",4,7.57575757575758,0.298254836737704
"327",4,7.87878787878788,0.306538972161734
"328",4,8.18181818181818,0.314605317242119
"329",4,8.48484848484848,0.322459597698124
"330",4,8.78787878787879,0.33010738871956
"331",4,9.09090909090909,0.337554118924214
"332",4,9.3939393939394,0.344805074211235
"333",4,9.6969696969697,0.351865401513212
"334",4,10,0.358740112449614
"335",4,10.3030303030303,0.365434086884176
"336",4,10.6060606060606,0.371952076388769
"337",4,10.9090909090909,0.378298707616195
"338",4,11.2121212121212,0.384478485584318
"339",4,11.5151515151515,0.390495796873852
"340",4,11.8181818181818,0.396354912742078
"341",4,12.1212121212121,0.402059992154709
"342",4,12.4242424242424,0.407615084738032
"343",4,12.7272727272727,0.413024133653456
"344",4,13.030303030303,0.418290978396473
"345",4,13.3333333333333,0.423419357522042
"346",4,13.6363636363636,0.428412911298323
"347",4,13.9393939393939,0.433275184290638
"348",4,14.2424242424242,0.438009627877506
"349",4,14.5454545454545,0.442619602700529
"350",4,14.8484848484848,0.44710838104987
"351",4,15.1515151515152,0.451479149187015
"352",4,15.4545454545455,0.455735009606474
"353",4,15.7575757575758,0.459878983238016
"354",4,16.0606060606061,0.463914011591013
"355",4,16.3636363636364,0.467842958842407
"356",4,16.6666666666667,0.47166861386978
"357",4,16.969696969697,0.475393692230978
"358",4,17.2727272727273,0.479020838091697
"359",4,17.5757575757576,0.482552626102378
"360",4,17.8787878787879,0.485991563225772
"361",4,18.1818181818182,0.489340090516451
"362",4,18.4848484848485,0.492600584853537
"363",4,18.7878787878788,0.495775360627878
"364",4,19.0909090909091,0.49886667138487
"365",4,19.3939393939394,0.501876711424085
"366",4,19.6969696969697,0.504807617356845
"367",4,20,0.507661469622854
"368",4,20.3030303030303,0.510440293966948
"369",4,20.6060606060606,0.513146062877029
"370",4,20.9090909090909,0.515780696984189
"371",4,21.2121212121212,0.518346066426034
"372",4,21.5151515151515,0.520843992174153
"373",4,21.8181818181818,0.523276247326703
"374",4,22.1212121212121,0.525644558366995
"375",4,22.4242424242424,0.527950606389009
"376",4,22.7272727272727,0.530196028290677
"377",4,23.030303030303,0.532382417935802
"378",4,23.3333333333333,0.534511327285425
"379",4,23.6363636363636,0.536584267499452
"380",4,23.9393939393939,0.538602710009317
"381",4,24.2424242424242,0.540568087562449
"382",4,24.5454545454545,0.542481795239272
"383",4,24.8484848484848,0.544345191443474
"384",4,25.1515151515152,0.546159598866243
"385",4,25.4545454545455,0.547926305425144
"386",4,25.7575757575758,0.549646565178326
"387",4,26.0606060606061,0.551321599214687
"388",4,26.3636363636364,0.552952596520632
"389",4,26.6666666666667,0.554540714824054
"390",4,26.969696969697,0.556087081416121
"391",4,27.2727272727273,0.557592793951458
"392",4,27.5757575757576,0.559058921227294
"393",4,27.8787878787879,0.560486503942124
"394",4,28.1818181818182,0.561876555434426
"395",4,28.4848484848485,0.56323006240196
"396",4,28.7878787878788,0.564547985602149
"397",4,29.0909090909091,0.565831260534055
"398",4,29.3939393939394,0.56708079810242
"399",4,29.6969696969697,0.568297485264259
"400",4,30,0.569482185658435
"401",5,0,0
"402",5,0.303030303030303,0.0115599328060356
"403",5,0.606060606060606,0.0228634281932547
"404",5,0.909090909090909,0.0339161747889939
"405",5,1.21212121212121,0.044723735028082
"406",5,1.51515151515152,0.0552915479522058
"407",5,1.81818181818182,0.0656249319471768
"408",5,2.12121212121212,0.0757290874194762
"409",5,2.42424242424242,0.0856090994134257
"410",5,2.72727272727273,0.0952699401703
"411",5,3.03030303030303,0.104716471630671
"412",5,3.33333333333333,0.11395344788124
"413",5,3.63636363636364,0.122985517547392
"414",5,3.93939393939394,0.131817226132679
"415",5,4.24242424242424,0.140453018306395
"416",5,4.54545454545455,0.14889724014042
"417",5,4.84848484848485,0.15715414129643
"418",5,5.15151515151515,0.165227877164597
"419",5,5.45454545454546,0.173122510954838
"420",5,5.75757575757576,0.180842015741681
"421",5,6.06060606060606,0.188390276463763
"422",5,6.36363636363636,0.195771091878972
"423",5,6.66666666666667,0.202988176476227
"424",5,6.96969696969697,0.210045162344833
"425",5,7.27272727272727,0.216945601002385
"426",5,7.57575757575758,0.223692965182106
"427",5,7.87878787878788,0.230290650580548
"428",5,8.18181818181818,0.236741977566522
"429",5,8.48484848484848,0.24305019285211
"430",5,8.78787878787879,0.249218471126616
"431",5,9.09090909090909,0.255249916654272
"432",5,9.3939393939394,0.261147564836494
"433",5,9.6969696969697,0.266914383739488
"434",5,10,0.272553275587967
"435",5,10.3030303030303,0.278067078225732
"436",5,10.6060606060606,0.283458566543854
"437",5,10.9090909090909,0.288730453877172
"438",5,11.2121212121212,0.293885393369812
"439",5,11.5151515151515,0.298925979310417
"440",5,11.8181818181818,0.303854748437757
"441",5,12.1212121212121,0.308674181217373
"442",5,12.4242424242424,0.3133867030899
"443",5,12.7272727272727,0.317994685691709
"444",5,13.030303030303,0.322500448048453
"445",5,13.3333333333333,0.326906257742154
"446",5,13.6363636363636,0.331214332052388
"447",5,13.9393939393939,0.335426839072161
"448",5,14.2424242424242,0.339545898799028
"449",5,14.5454545454545,0.34357358420201
"450",5,14.8484848484848,0.347511922264842
"451",5,15.1515151515152,0.351362895006074
"452",5,15.4545454545455,0.355128440476554
"453",5,15.7575757575758,0.358810453734773
"454",5,16.0606060606061,0.362410787800575
"455",5,16.3636363636364,0.365931254587717
"456",5,16.6666666666667,0.369373625815735
"457",5,16.969696969697,0.372739633901585
"458",5,17.2727272727273,0.376030972831503
"459",5,17.5757575757576,0.379249299013528
"460",5,17.8787878787879,0.382396232111105
"461",5,18.1818181818182,0.385473355858207
"462",5,18.4848484848485,0.388482218856364
"463",5,18.7878787878788,0.391424335354021
"464",5,19.0909090909091,0.3943011860086
"465",5,19.3939393939394,0.397114218631659
"466",5,19.6969696969697,0.399864848917523
"467",5,20,0.402554461155752
"468",5,20.3030303030303,0.405184408927798
"469",5,20.6060606060606,0.407756015788214
"470",5,20.9090909090909,0.410270575930749
"471",5,21.2121212121212,0.412729354839672
"472",5,21.5151515151515,0.415133589926634
"473",5,21.8181818181818,0.417484491153419
"474",5,22.1212121212121,0.41978324164087
"475",5,22.4242424242424,0.422030998264309
"476",5,22.7272727272727,0.424228892235748
"477",5,23.030303030303,0.42637802967319
"478",5,23.3333333333333,0.428479492157292
"479",5,23.6363636363636,0.430534337275687
"480",5,23.9393939393939,0.432543599155228
"481",5,24.2424242424242,0.434508288982427
"482",5,24.5454545454545,0.436429395512342
"483",5,24.8484848484848,0.438307885566186
"484",5,25.1515151515152,0.440144704517892
"485",5,25.4545454545455,0.441940776769879
"486",5,25.7575757575758,0.443697006218277
"487",5,26.0606060606061,0.445414276707816
"488",5,26.3636363636364,0.447093452476638
"489",5,26.6666666666667,0.448735378591235
"490",5,26.969696969697,0.450340881371736
"491",5,27.2727272727273,0.451910768807768
"492",5,27.5757575757576,0.453445830965082
"493",5,27.8787878787879,0.454946840383167
"494",5,28.1818181818182,0.45641455246404
"495",5,28.4848484848485,0.45784970585241
"496",5,28.7878787878788,0.459253022807412
"497",5,29.0909090909091,0.460625209566092
"498",5,29.3939393939394,0.461966956698831
"499",5,29.6969696969697,0.463278939456879
"500",5,30,0.464561818112192
"501",6,0,0
"502",6,0.303030303030303,0.0124883020892532
"503",6,0.606060606060606,0.0246841248910859
"504",6,0.909090909090909,0.0365943183465839
"505",6,1.21212121212121,0.0482255719694282
"506",6,1.51515151515152,0.0595844186031478
"507",6,1.81818181818182,0.0706772380903742
"508",6,2.12121212121212,0.0815102608561633
"509",6,2.42424242424242,0.0920895714073934
"510",6,2.72727272727273,0.102421111750207
"511",6,3.03030303030303,0.112510684727415
"512",6,3.33333333333333,0.122363957277739
"513",6,3.63636363636364,0.131986463618719
"514",6,3.93939393939394,0.141383608355079
"515",6,4.24242424242424,0.150560669514294
"516",6,4.54545454545455,0.15952280151106
"517",6,4.84848484848485,0.168275038042337
"518",6,5.15151515151515,0.176822294914593
"519",6,5.45454545454546,0.185169372804829
"520",6,5.75757575757576,0.193320959956937
"521",6,6.06060606060606,0.20128163481492
"522",6,6.36363636363636,0.209055868594428
"523",6,6.66666666666667,0.216648027794075
"524",6,6.96969696969697,0.224062376647942
"525",6,7.27272727272727,0.231303079520637
"526",6,7.57575757575758,0.238374203246263
"527",6,7.87878787878788,0.245279719412611
"528",6,8.18181818181818,0.25202350659185
"529",6,8.48484848484848,0.25860935251898
"530",6,8.78787878787879,0.265040956219259
"531",6,9.09090909090909,0.271321930085812
"532",6,9.3939393939394,0.277455801908575
"533",6,9.6969696969697,0.283446016855725
"534",6,10,0.289295939408704
"535",6,10.3030303030303,0.295008855251921
"536",6,10.6060606060606,0.300587973118201
"537",6,10.9090909090909,0.306036426591011
"538",6,11.2121212121212,0.311357275864477
"539",6,11.5151515151515,0.31655350946218
"540",6,11.8181818181818,0.321628045915703
"541",6,12.1212121212121,0.326583735403858
"542",6,12.4242424242424,0.331423361353525
"543",6,12.7272727272727,0.336149642003005
"544",6,13.030303030303,0.340765231928747
"545",6,13.3333333333333,0.345272723536331
"546",6,13.6363636363636,0.349674648516521
"547",6,13.9393939393939,0.353973479267225
"548",6,14.2424242424242,0.358171630282147
"549",6,14.5454545454545,0.36227145950692
"550",6,14.8484848484848,0.366275269663478
"551",6,15.1515151515152,0.370185309543406
"552",6,15.4545454545455,0.374003775271003
"553",6,15.7575757575758,0.377732811536767
"554",6,16.0606060606061,0.381374512801986
"555",6,16.3636363636364,0.384930924475118
"556",6,16.6666666666667,0.388404044060623
"557",6,16.969696969697,0.391795822280886
"558",6,17.2727272727273,0.395108164171866
"559",6,17.5757575757576,0.398342930153083
"560",6,17.8787878787879,0.401501937072548
"561",6,18.1818181818182,0.404586959227219
"562",6,18.4848484848485,0.407599729359554
"563",6,18.7878787878788,0.410541939630736
"564",6,19.0909090909091,0.413415242571088
"565",6,19.3939393939394,0.416221252008246
"566",6,19.6969696969697,0.418961543973581
"567",6,20,0.421637657587397
"568",6,20.3030303030303,0.424251095923403
"569",6,20.6060606060606,0.426803326852929
"570",6,20.9090909090909,0.429295783869374
"571",6,21.2121212121212,0.431729866893351
"572",6,21.5151515151515,0.434106943058968
"573",6,21.8181818181818,0.436428347481692
"574",6,22.1212121212121,0.438695384008243
"575",6,22.4242424242424,0.440909325948909
"576",6,22.7272727272727,0.443071416792718
"577",6,23.030303030303,0.445182870905865
"578",6,23.3333333333333,0.447244874213768
"579",6,23.6363636363636,0.449258584867166
"580",6,23.9393939393939,0.451225133892604
"581",6,24.2424242424242,0.453145625827693
"582",6,24.5454545454545,0.455021139341484
"583",6,24.8484848484848,0.456852727840317
"584",6,25.1515151515152,0.458641420059484
"585",6,25.4545454545455,0.460388220641025
"586",6,25.7575757575758,0.462094110698005
"587",6,26.0606060606061,0.463760048365563
"588",6,26.3636363636364,0.465386969339065
"589",6,26.6666666666667,0.466975787399648
"590",6,26.969696969697,0.468527394927456
"591",6,27.2727272727273,0.470042663402857
"592",6,27.5757575757576,0.471522443895923
"593",6,27.8787878787879,0.472967567544443
"594",6,28.1818181818182,0.474378846020743
"595",6,28.4848484848485,0.47575707198757
"596",6,28.7878787878788,0.477103019543305
"597",6,29.0909090909091,0.478417444656742
"598",6,29.3939393939394,0.479701085591689
"599",6,29.6969696969697,0.480954663321625
"600",6,30,0.48217888193464
"601",7,0,0
"602",7,0.303030303030303,0.0619038980054097
"603",7,0.606060606060606,0.118861886072027
"604",7,0.909090909090909,0.17126912550489
"605",7,1.21212121212121,0.219489205570938
"606",7,1.51515151515152,0.263856665996989
"607",7,1.81818181818182,0.304679317928735
"608",7,2.12121212121212,0.34224037945305
"609",7,2.42424242424242,0.376800440499359
"610",7,2.72727272727273,0.408599270752103
"611",7,3.03030303030303,0.437857483117178
"612",7,3.33333333333333,0.464778064283083
"613",7,3.63636363636364,0.489547782995465
"614",7,3.93939393939394,0.512338485815344
"615",7,4.24242424242424,0.533308289350673
"616",7,4.54545454545455,0.55260267723268
"617",7,4.84848484848485,0.570355509447543
"618",7,5.15151515151515,0.586689951025915
"619",7,5.45454545454546,0.601719326533326
"620",7,5.75757575757576,0.615547906289725
"621",7,6.06060606060606,0.628271629772768
"622",7,6.36363636363636,0.639978771223646
"623",7,6.66666666666667,0.650750552073295
"624",7,6.96969696969697,0.660661704437835
"625",7,7.27272727272727,0.669780989592649
"626",7,7.57575757575758,0.678171675022162
"627",7,7.87878787878788,0.685891973354961
"628",7,8.18181818181818,0.69299544622951
"629",7,8.48484848484848,0.699531375892368
"630",7,8.78787878787879,0.705545107106981
"631",7,9.09090909090909,0.711078361745127
"632",7,9.3939393939394,0.716169528243585
"633",7,9.6969696969697,0.720853927934199
"634",7,10,0.725164060095084
"635",7,10.3030303030303,0.729129827423076
"636",7,10.6060606060606,0.732778743491706
"637",7,10.9090909090909,0.736136123633986
"638",7,11.2121212121212,0.739225260574319
"639",7,11.5151515151515,0.742067586028012
"640",7,11.8181818181818,0.744682819389549
"641",7,12.1212121212121,0.747089104541169
"642",7,12.4242424242424,0.749303135730916
"643",7,12.7272727272727,0.751340273393454
"644",7,13.030303030303,0.7532146507172
"645",7,13.3333333333333,0.75493927169711
"646",7,13.6363636363636,0.756526101353371
"647",7,13.9393939393939,0.75798614874194
"648",7,14.2424242424242,0.759329543332819
"649",7,14.5454545454545,0.760565605285968
"650",7,14.8484848484848,0.761702910112408
"651",7,15.1515151515152,0.762749348169134
"652",7,15.4545454545455,0.763712179400573
"653",7,15.7575757575758,0.7645980837064
"654",7,16.0606060606061,0.765413207285129
"655",7,16.3636363636364,0.766163205275013
"656",7,16.6666666666667,0.766853280988082
"657",7,16.969696969697,0.767488222009512
"658",7,17.2727272727273,0.768072433412782
"659",7,17.5757575757576,0.768609968321051
"660",7,17.8787878787879,0.769104556026786
"661",7,18.1818181818182,0.769559627864729
"662",7,18.4848484848485,0.7699783410177
"663",7,18.7878787878788,0.770363600420398
"664",7,19.0909090909091,0.770718078913166
"665",7,19.3939393939394,0.771044235785536
"666",7,19.6969696969697,0.771344333838209
"667",7,20,0.771620455081841
"668",7,20.3030303030303,0.771874515181553
"669",7,20.6060606060606,0.772108276747364
"670",7,20.9090909090909,0.772323361562778
"671",7,21.2121212121212,0.772521261836337
"672",7,21.5151515151515,0.772703350554221
"673",7,21.8181818181818,0.772870891005701
"674",7,22.1212121212121,0.773025045547558
"675",7,22.4242424242424,0.773166883668231
"676",7,22.7272727272727,0.773297389407692
"677",7,23.030303030303,0.773417468184479
"678",7,23.3333333333333,0.773527953077284
"679",7,23.6363636363636,0.773629610604655
"680",7,23.9393939393939,0.773723146042931
"681",7,24.2424242424242,0.773809208319278
"682",7,24.5454545454545,0.773888394513801
"683",7,24.8484848484848,0.773961254001943
"684",7,25.1515151515152,0.774028292265927
"685",7,25.4545454545455,0.774089974401673
"686",7,25.7575757575758,0.774146728345528
"687",7,26.0606060606061,0.774198947843184
"688",7,26.3636363636364,0.7742469951814
"689",7,26.6666666666667,0.774291203701459
"690",7,26.969696969697,0.774331880111817
"691",7,27.2727272727273,0.774369306615969
"692",7,27.5757575757576,0.774403742870317
"693",7,27.8787878787879,0.774435427785604
"694",7,28.1818181818182,0.77446458118442
"695",7,28.4848484848485,0.774491405326281
"696",7,28.7878787878788,0.774516086310859
"697",7,29.0909090909091,0.774538795369099
"698",7,29.3939393939394,0.774559690051178
"699",7,29.6969696969697,0.774578915319551
"700",7,30,0.774596604554669
"701",8,0,0
"702",8,0.303030303030303,0.0660081878539303
"703",8,0.606060606060606,0.126629093874459
"704",8,0.909090909090909,0.182302402993049
"705",8,1.21212121212121,0.233431915098401
"706",8,1.51515151515152,0.280388473807042
"707",8,1.81818181818182,0.323512656201249
"708",8,2.12121212121212,0.363117243043056
"709",8,2.42424242424242,0.399489487380865
"710",8,2.72727272727273,0.432893198002906
"711",8,3.03030303030303,0.463570652848913
"712",8,3.33333333333333,0.491744356258013
"713",8,3.63636363636364,0.517618652798206
"714",8,3.93939393939394,0.541381209382569
"715",8,4.24242424242424,0.563204376422026
"716",8,4.54545454545455,0.58324643788714
"717",8,4.84848484848485,0.601652759345667
"718",8,5.15151515151515,0.618556842302622
"719",8,5.45454545454546,0.634081292489989
"720",8,5.75757575757576,0.64833870912914
"721",8,6.06060606060606,0.661432501615764
"722",8,6.36363636363636,0.67345763955078
"723",8,6.66666666666667,0.684501341557198
"724",8,6.96969696969697,0.694643707878953
"725",8,7.27272727272727,0.703958301349956
"726",8,7.57575757575758,0.712512680947145
"727",8,7.87878787878788,0.720368891797421
"728",8,8.18181818181818,0.727583915192487
"729",8,8.48484848484848,0.734210081875568
"730",8,8.78787878787879,0.740295451597583
"731",8,9.09090909090909,0.745884161695712
"732",8,9.3939393939394,0.751016747222592
"733",8,9.6969696969697,0.755730434948058
"734",8,10,0.760059413365825
"735",8,10.3030303030303,0.76403508066348
"736",8,10.6060606060606,0.767686272454314
"737",8,10.9090909090909,0.771039470922735
"738",8,11.2121212121212,0.774118996900211
"739",8,11.5151515151515,0.776947186264862
"740",8,11.8181818181818,0.779544551944135
"741",8,12.1212121212121,0.781929932695574
"742",8,12.4242424242424,0.784120629744797
"743",8,12.7272727272727,0.786132532271712
"744",8,13.030303030303,0.787980232655132
"745",8,13.3333333333333,0.78967713231166
"746",8,13.6363636363636,0.791235538896496
"747",8,13.9393939393939,0.792666755571164
"748",8,14.2424242424242,0.79398116298562
"749",8,14.5454545454545,0.795188294569369
"750",8,14.8484848484848,0.796296905677656
"751",8,15.1515151515152,0.797315037094285
"752",8,15.4545454545455,0.798250073351614
"753",8,15.7575757575758,0.799108796290755
"754",8,16.0606060606061,0.799897434250436
"755",8,16.3636363636364,0.800621707241293
"756",8,16.6666666666667,0.801286868433252
"757",8,16.969696969697,0.801897742256898
"758",8,17.2727272727273,0.802458759395189
"759",8,17.5757575757576,0.802973988919313
"760",8,17.8787878787879,0.803447167801758
"761",8,18.1818181818182,0.803881728020667
"762",8,18.4848484848485,0.804280821452061
"763",8,18.7878787878788,0.804647342730474
"764",8,19.0909090909091,0.804983950243808
"765",8,19.3939393939394,0.805293085414687
"766",8,19.6969696969697,0.805576990408155
"767",8,20,0.805837724394155
"768",8,20.3030303030303,0.806077178482739
"769",8,20.6060606060606,0.806297089440337
"770",8,20.9090909090909,0.806499052286567
"771",8,21.2121212121212,0.80668453186295
"772",8,21.5151515151515,0.806854873457442
"773",8,21.8181818181818,0.807011312561846
"774",8,22.1212121212121,0.807154983832854
"775",8,22.4242424242424,0.807286929321752
"776",8,22.7272727272727,0.807408106032436
"777",8,23.030303030303,0.807519392862586
"778",8,23.3333333333333,0.807621596978336
"779",8,23.6363636363636,0.807715459668666
"780",8,23.9393939393939,0.807801661721992
"781",8,24.2424242424242,0.80788082836394
"782",8,24.5454545454545,0.807953533792122
"783",8,24.8484848484848,0.80802030534081
"784",8,25.1515151515152,0.808081627305696
"785",8,25.4545454545455,0.808137944456511
"786",8,25.7575757575758,0.808189665262943
"787",8,26.0606060606061,0.80823716485728
"788",8,26.3636363636364,0.808280787755256
"789",8,26.6666666666667,0.808320850354829
"790",8,26.969696969697,0.808357643231025
"791",8,27.2727272727273,0.808391433243487
"792",8,27.5757575757576,0.808422465472009
"793",8,27.8787878787879,0.808450964994114
"794",8,28.1818181818182,0.808477138517542
"795",8,28.4848484848485,0.808501175879504
"796",8,28.7878787878788,0.808523251423582
"797",8,29.0909090909091,0.808543525264243
"798",8,29.3939393939394,0.808562144448156
"799",8,29.6969696969697,0.808579244020722
"800",8,30,0.808594948005565
"801",9,0,0
"802",9,0.303030303030303,0.0797891794849233
"803",9,0.606060606060606,0.152390644573181
"804",9,0.909090909090909,0.21845189206298
"805",9,1.21212121212121,0.278562089764958
"806",9,1.51515151515152,0.333257331000432
"807",9,1.81818181818182,0.383025415754349
"808",9,2.12121212121212,0.428310201123694
"809",9,2.42424242424242,0.469515559860877
"810",9,2.72727272727273,0.507008982316386
"811",9,3.03030303030303,0.54112485390468
"812",9,3.33333333333333,0.572167437323414
"813",9,3.63636363636364,0.600413586122955
"814",9,3.93939393939394,0.626115213827188
"815",9,4.24242424242424,0.64950154062646
"816",9,4.54545454545455,0.670781137679852
"817",9,4.84848484848485,0.690143787258871
"818",9,5.15151515151515,0.707762175322292
"819",9,5.45454545454546,0.723793431617383
"820",9,5.75757575757576,0.738380531042925
"821",9,6.06060606060606,0.751653568772089
"822",9,6.36363636363636,0.763730920507371
"823",9,6.66666666666667,0.774720298215327
"824",9,6.96969696969697,0.784719710756681
"825",9,7.27272727272727,0.793818337979202
"826",9,7.57575757575758,0.802097326068956
"827",9,7.87878787878788,0.809630511253271
"828",9,8.18181818181818,0.816485078309769
"829",9,8.48484848484848,0.822722159754396
"830",9,8.78787878787879,0.828397381052295
"831",9,9.09090909090909,0.833561356714
"832",9,9.3939393939394,0.83826014170139
"833",9,9.6969696969697,0.842535642169265
"834",9,10,0.846425989205757
"835",9,10.3030303030303,0.849965878904766
"836",9,10.6060606060606,0.853186881803379
"837",9,10.9090909090909,0.856117724443979
"838",9,11.2121212121212,0.85878454557216
"839",9,11.5151515151515,0.861211129255363
"840",9,11.8181818181818,0.863419117001284
"841",9,12.1212121212121,0.86542820076785
"842",9,12.4242424242424,0.867256298586117
"843",9,12.7272727272727,0.868919714362387
"844",9,13.030303030303,0.870433283284737
"845",9,13.3333333333333,0.871810504130771
"846",9,13.6363636363636,0.873063659656591
"847",9,13.9393939393939,0.87420392614066
"848",9,14.2424242424242,0.875241473059538
"849",9,14.5454545454545,0.876185553784451
"850",9,14.8484848484848,0.877044588107561
"851",9,15.1515151515152,0.877826237333953
"852",9,15.4545454545455,0.878537472609055
"853",9,15.7575757575758,0.879184637090859
"854",9,16.0606060606061,0.879773502521426
"855",9,16.3636363636364,0.880309320702225
"856",9,16.6666666666667,0.880796870332364
"857",9,16.969696969697,0.881240499627461
"858",9,17.2727272727273,0.881644165099246
"859",9,17.5757575757576,0.882011466841742
"860",9,17.8787878787879,0.882345680638736
"861",9,18.1818181818182,0.882649787178885
"862",9,18.4848484848485,0.882926498639013
"863",9,18.7878787878788,0.883178282872686
"864",9,19.0909090909091,0.883407385419783
"865",9,19.3939393939394,0.883615849533365
"866",9,19.6969696969697,0.883805534402442
"867",9,20,0.883978131733169
"868",9,20.3030303030303,0.884135180836344
"869",9,20.6060606060606,0.884278082355759
"870",9,20.9090909090909,0.884408110759859
"871",9,21.2121212121212,0.884526425708098
"872",9,21.5151515151515,0.88463408239337
"873",9,21.8181818181818,0.884732040952761
"874",9,22.1212121212121,0.884821175030535
"875",9,22.4242424242424,0.88490227956974
"876",9,22.7272727272727,0.884976077901915
"877",9,23.030303030303,0.885043228198127
"878",9,23.3333333333333,0.885104329338878
"879",9,23.6363636363636,0.885159926255224
"880",9,23.9393939393939,0.885210514788746
"881",9,24.2424242424242,0.885256546113721
"882",9,24.5454545454545,0.885298430760922
"883",9,24.8484848484848,0.885336542278939
"884",9,25.1515151515152,0.885371220565676
"885",9,25.4545454545455,0.885402774899737
"886",9,25.7575757575758,0.885431486698724
"887",9,26.0606060606061,0.885457612029066
"888",9,26.3636363636364,0.88548138388975
"889",9,26.6666666666667,0.88550301429032
"890",9,26.969696969697,0.885522696141695
"891",9,27.2727272727273,0.885540604976635
"892",9,27.5757575757576,0.885556900515241
"893",9,27.8787878787879,0.885571728089417
"894",9,28.1818181818182,0.885585219939012
"895",9,28.4848484848485,0.885597496391203
"896",9,28.7878787878788,0.885608666933636
"897",9,29.0909090909091,0.885618831190892
"898",9,29.3939393939394,0.885628079812986
"899",9,29.6969696969697,0.885636495283836
"900",9,30,0.885644152656892
"901",10,0,0
"902",10,0.303030303030303,0.0675031444990678
"903",10,0.606060606060606,0.129414194369597
"904",10,0.909090909090909,0.186196409842894
"905",10,1.21212121212121,0.23827467375214
"906",10,1.51515151515152,0.286038670792314
"907",10,1.81818181818182,0.329845803403905
"908",10,2.12121212121212,0.370023866099021
"909",10,2.42424242424242,0.406873498241017
"910",10,2.72727272727273,0.440670433630972
"911",10,3.03030303030303,0.471667563733962
"912",10,3.33333333333333,0.500096829983566
"913",10,3.63636363636364,0.526170959324105
"914",10,3.93939393939394,0.550085055977114
"915",10,4.24242424242424,0.572018061342717
"916",10,4.54545454545455,0.592134092959869
"917",10,4.84848484848485,0.610583672544473
"918",10,5.15151515151515,0.627504852294382
"919",10,5.45454545454546,0.643024247889045
"920",10,5.75757575757576,0.657257985913426
"921",10,6.06060606060606,0.67031257279543
"922",10,6.36363636363636,0.682285691758829
"923",10,6.66666666666667,0.69326693375503
"924",10,6.96969696969697,0.703338467842995
"925",10,7.27272727272727,0.712575656033559
"926",10,7.57575757575758,0.721047617198825
"927",10,7.87878787878788,0.728817744266183
"928",10,8.18181818181818,0.735944178566947
"929",10,8.48484848484848,0.742480244889008
"930",10,8.78787878787879,0.748474850488868
"931",10,9.09090909090909,0.753972851048712
"932",10,9.3939393939394,0.759015386316878
"933",10,9.6969696969697,0.763640187943203
"934",10,10,0.767881861812672
"935",10,10.3030303030303,0.771772146989992
"936",10,10.6060606060606,0.77534015321268
"937",10,10.9090909090909,0.77861257870975
"938",10,11.2121212121212,0.781613909975874
"939",10,11.5151515151515,0.784366604995845
"940",10,11.8181818181818,0.78689126129037
"941",10,12.1212121212121,0.789206770040609
"942",10,12.4242424242424,0.791330457444737
"943",10,12.7272727272727,0.793278214364242
"944",10,13.030303030303,0.795064615230068
"945",10,13.3333333333333,0.79670302709834
"946",10,13.6363636363636,0.79820570967169
"947",10,13.9393939393939,0.799583907034621
"948",10,14.2424242424242,0.800847931789336
"949",10,14.5454545454545,0.802007242221575
"950",10,14.8484848484848,0.803070513073894
"951",10,15.1515151515152,0.804045700455939
"952",10,15.4545454545455,0.804940101377421
"953",10,15.7575757575758,0.805760408349267
"954",10,16.0606060606061,0.8065127594615
"955",10,16.3636363636364,0.807202784312568
"956",10,16.6666666666667,0.807835646133798
"957",10,16.969696969697,0.808416080424171
"958",10,17.2727272727273,0.808948430384525
"959",10,17.5757575757576,0.80943667941631
"960",10,17.8787878787879,0.809884480928081
"961",10,18.1818181818182,0.810295185672774
"962",10,18.4848484848485,0.810671866820287
"963",10,18.7878787878788,0.811017342953023
"964",10,19.0909090909091,0.811334199156413
"965",10,19.3939393939394,0.811624806362276
"966",10,19.6969696969697,0.811891339089728
"967",10,20,0.8121357917164
"968",10,20.3030303030303,0.812359993401717
"969",10,20.6060606060606,0.812565621773902
"970",10,20.9090909090909,0.812754215483123
"971",10,21.2121212121212,0.81292718571471
"972",10,21.5151515151515,0.813085826748595
"973",10,21.8181818181818,0.813231325643992
"974",10,22.1212121212121,0.813364771121767
"975",10,22.4242424242424,0.813487161710989
"976",10,22.7272727272727,0.813599413220592
"977",10,23.030303030303,0.81370236559208
"978",10,23.3333333333333,0.813796789184533
"979",10,23.6363636363636,0.813883390538954
"980",10,23.9393939393939,0.813962817665086
"981",10,24.2424242424242,0.814035664890257
"982",10,24.5454545454545,0.814102477306536
"983",10,24.8484848484848,0.814163754849486
"984",10,25.1515151515152,0.81421995603901
"985",10,25.4545454545455,0.814271501410314
"986",10,25.7575757575758,0.814318776660632
"987",10,26.0606060606061,0.814362135535271
"988",10,26.3636363636364,0.814401902474574
"989",10,26.6666666666667,0.814438375041604
"990",10,26.969696969697,0.814471826148704
"991",10,27.2727272727273,0.81450250609962
"992",10,27.5757575757576,0.814530644462437
"993",10,27.8787878787879,0.814556451787363
"994",10,28.1818181818182,0.81458012118221
"995",10,28.4848484848485,0.814601829757353
"996",10,28.7878787878788,0.814621739950993
"997",10,29.0909090909091,0.814640000744628
"998",10,29.3939393939394,0.814656748777831
"999",10,29.6969696969697,0.814672109370683
"1000",10,30,0.814686197461499
"1001",11,0,0
"1002",11,0.303030303030303,0.0608890838384109
"1003",11,0.606060606060606,0.116962398479021
"1004",11,0.909090909090909,0.168600827185374
"1005",11,1.21212121212121,0.216155128841189
"1006",11,1.51515151515152,0.259948320513074
"1007",11,1.81818181818182,0.300277871574329
"1008",11,2.12121212121212,0.337417724293638
"1009",11,2.42424242424242,0.371620154613702
"1010",11,2.72727272727273,0.4031174857593
"1011",11,3.03030303030303,0.432123666314647
"1012",11,3.33333333333333,0.458835723489274
"1013",11,3.63636363636364,0.483435101443882
"1014",11,3.93939393939394,0.506088893766864
"1015",11,4.24242424242424,0.526950978473225
"1016",11,4.54545454545455,0.546163063235467
"1017",11,4.84848484848485,0.563855647946287
"1018",11,5.15151515151515,0.580148911151367
"1019",11,5.45454545454546,0.595153526373454
"1020",11,5.75757575757576,0.608971413872669
"1021",11,6.06060606060606,0.621696432949458
"1022",11,6.36363636363636,0.633415019492723
"1023",11,6.66666666666667,0.644206773103725
"1024",11,6.96969696969697,0.654144997783859
"1025",11,7.27272727272727,0.663297199858982
"1026",11,7.57575757575758,0.671725546522478
"1027",11,7.87878787878788,0.679487288111768
"1028",11,8.18181818181818,0.686635146986609
"1029",11,8.48484848484848,0.693217675650686
"1030",11,8.78787878787879,0.699279586549052
"1031",11,9.09090909090909,0.704862055781623
"1032",11,9.3939393939394,0.71000300279571
"1033",11,9.6969696969697,0.714737347957423
"1034",11,10,0.719097249751554
"1035",11,10.3030303030303,0.723112323221097
"1036",11,10.6060606060606,0.726809841130225
"1037",11,10.9090909090909,0.730214919217095
"1038",11,11.2121212121212,0.733350686794871
"1039",11,11.5151515151515,0.736238443859751
"1040",11,11.8181818181818,0.738897805773199
"1041",11,12.1212121212121,0.741346836501134
"1042",11,12.4242424242424,0.743602171315112
"1043",11,12.7272727272727,0.745679129788978
"1044",11,13.030303030303,0.747591819858509
"1045",11,13.3333333333333,0.749353233650896
"1046",11,13.6363636363636,0.750975335734989
"1047",11,13.9393939393939,0.752469144391758
"1048",11,14.2424242424242,0.753844806457001
"1049",11,14.5454545454545,0.75511166624468
"1050",11,14.8484848484848,0.756278329019055
"1051",11,15.1515151515152,0.757352719446749
"1052",11,15.4545454545455,0.75834213542579
"1053",11,15.7575757575758,0.759253297657274
"1054",11,16.0606060606061,0.760092395296356
"1055",11,16.3636363636364,0.760865127992668
"1056",11,16.6666666666667,0.761576744605727
"1057",11,16.969696969697,0.762232078858308
"1058",11,17.2727272727273,0.762835582169956
"1059",11,17.5757575757576,0.763391353893678
"1060",11,17.8787878787879,0.763903169161179
"1061",11,18.1818181818182,0.7643745045258
"1062",11,18.4848484848485,0.764808561577336
"1063",11,18.7878787878788,0.765208288689134
"1064",11,19.0909090909091,0.765576401045197
"1065",11,19.3939393939394,0.765915399083324
"1066",11,19.6969696969697,0.766227585479574
"1067",11,20,0.766515080789404
"1068",11,20.3030303030303,0.766779837851748
"1069",11,20.6060606060606,0.767023655053851
"1070",11,20.9090909090909,0.76724818854699
"1071",11,21.2121212121212,0.767454963496037
"1072",11,21.5151515151515,0.76764538443928
"1073",11,21.8181818181818,0.767820744828885
"1074",11,22.1212121212121,0.767982235816792
"1075",11,22.4242424242424,0.768130954345725
"1076",11,22.7272727272727,0.76826791060028
"1077",11,23.030303030303,0.768394034868696
"1078",11,23.3333333333333,0.768510183861928
"1079",11,23.6363636363636,0.768617146532939
"1080",11,23.9393939393939,0.76871564943573
"1081",11,24.2424242424242,0.768806361660533
"1082",11,24.5454545454545,0.768889899378667
"1083",11,24.8484848484848,0.76896683002794
"1084",11,25.1515151515152,0.769037676167021
"1085",11,25.4545454545455,0.769102919024975
"1086",11,25.7575757575758,0.769163001770049
"1087",11,26.0606060606061,0.769218332519942
"1088",11,26.3636363636364,0.769269287113974
"1089",11,26.6666666666667,0.76931621166602
"1090",11,26.969696969697,0.769359424915511
"1091",11,27.2727272727273,0.76939922039251
"1092",11,27.5757575757576,0.769435868411537
"1093",11,27.8787878787879,0.769469617907708
"1094",11,28.1818181818182,0.76950069812765
"1095",11,28.4848484848485,0.76952932018668
"1096",11,28.7878787878788,0.769555678502825
"1097",11,29.0909090909091,0.769579952117428
"1098",11,29.3939393939394,0.769602305911299
"1099",11,29.6969696969697,0.769622891724685
"1100",11,30,0.76964184938866
"1101",12,0,0
"1102",12,0.303030303030303,0.0638232303297001
"1103",12,0.606060606060606,0.122488355031643
"1104",12,0.909090909090909,0.17641224510295
"1105",12,1.21212121212121,0.225978080600546
"1106",12,1.51515151515152,0.27153807349657
"1107",12,1.81818181818182,0.313415970476364
"1108",12,2.12121212121212,0.351909353463773
"1109",12,2.42424242424242,0.387291754221152
"1110",12,2.72727272727273,0.419814598050319
"1111",12,3.03030303030303,0.449708990406263
"1112",12,3.33333333333333,0.477187359119201
"1113",12,3.63636363636364,0.5024449638945
"1114",12,3.93939393939394,0.5256612838169
"1115",12,4.24242424242424,0.547001292718548
"1116",12,4.54545454545455,0.566616631473554
"1117",12,4.84848484848485,0.584646685549299
"1118",12,5.15151515151515,0.601219575471546
"1119",12,5.45454545454546,0.616453067241513
"1120",12,5.75757575757576,0.630455409174295
"1121",12,6.06060606060606,0.643326101105154
"1122",12,6.36363636363636,0.655156601429623
"1123",12,6.66666666666667,0.666030977001591
"1124",12,6.96969696969697,0.676026500507526
"1125",12,7.27272727272727,0.685214199561737
"1126",12,7.57575757575758,0.693659361424507
"1127",12,7.87878787878788,0.701421996929608
"1128",12,8.18181818181818,0.708557266917823
"1129",12,8.48484848484848,0.71511587420671
"1130",12,8.78787878787879,0.721144423881898
"1131",12,9.09090909090909,0.726685754470147
"1132",12,9.3939393939394,0.731779242347444
"1133",12,9.6969696969697,0.736461081545271
"1134",12,10,0.7407645409433
"1135",12,10.3030303030303,0.744720200676142
"1136",12,10.6060606060606,0.74835616943402
"1137",12,10.9090909090909,0.751698284201502
"1138",12,11.2121212121212,0.754770293853626
"1139",12,11.5151515151515,0.757594027914036
"1140",12,11.8181818181818,0.760189551674324
"1141",12,12.1212121212121,0.762575308776834
"1142",12,12.4242424242424,0.764768252274119
"1143",12,12.7272727272727,0.766783965096362
"1144",12,13.030303030303,0.768636770782777
"1145",12,13.3333333333333,0.770339835263852
"1146",12,13.6363636363636,0.771905260417696
"1147",12,13.9393939393939,0.773344170065287
"1148",12,14.2424242424242,0.774666789015702
"1149",12,14.5454545454545,0.775882515723021
"1150",12,14.8484848484848,0.776999989071204
"1151",12,15.1515151515152,0.778027149761499
"1152",12,15.4545454545455,0.778971296738607
"1153",12,15.7575757575758,0.779839139056566
"1154",12,16.0606060606061,0.780636843552903
"1155",12,16.3636363636364,0.781370078669821
"1156",12,16.6666666666667,0.782044054733828
"1157",12,16.969696969697,0.782663560980015
"1158",12,17.2727272727273,0.783232999584086
"1159",12,17.5757575757576,0.783756416943961
"1160",12,17.8787878787879,0.784237532433253
"1161",12,18.1818181818182,0.784679764830917
"1162",12,18.4848484848485,0.785086256614898
"1163",12,18.7878787878788,0.785459896292401
"1164",12,19.0909090909091,0.785803338925453
"1165",12,19.3939393939394,0.786119024997622
"1166",12,19.6969696969697,0.786409197755955
"1167",12,20,0.786675919151359
"1168",12,20.3030303030303,0.786921084490706
"1169",12,20.6060606060606,0.787146435904778
"1170",12,20.9090909090909,0.787353574727742
"1171",12,21.2121212121212,0.787543972876144
"1172",12,21.5151515151515,0.78771898330826
"1173",12,21.8181818181818,0.78787984963814
"1174",12,22.1212121212121,0.788027714972658
"1175",12,22.4242424242424,0.788163630034365
"1176",12,22.7272727272727,0.788288560627861
"1177",12,23.030303030303,0.788403394502747
"1178",12,23.3333333333333,0.788508947661925
"1179",12,23.6363636363636,0.788605970160063
"1180",12,23.9393939393939,0.788695151433446
"1181",12,24.2424242424242,0.788777125199064
"1182",12,24.5454545454545,0.788852473957775
"1183",12,24.8484848484848,0.788921733133519
"1184",12,25.1515151515152,0.788985394878009
"1185",12,25.4545454545455,0.789043911567934
"1186",12,25.7575757575758,0.789097699019523
"1187",12,26.0606060606061,0.789147139443308
"1188",12,26.3636363636364,0.789192584160094
"1189",12,26.6666666666667,0.78923435609742
"1190",12,26.969696969697,0.789272752084268
"1191",12,27.2727272727273,0.789308044960307
"1192",12,27.5757575757576,0.789340485514682
"1193",12,27.8787878787879,0.789370304268105
"1194",12,28.1818181818182,0.789397713110919
"1195",12,28.4848484848485,0.789422906808783
"1196",12,28.7878787878788,0.789446064386663
"1197",12,29.0909090909091,0.789467350400973
"1198",12,29.3939393939394,0.789486916108905
"1199",12,29.6969696969697,0.789504900543252
"1200",12,30,0.78952143150037
"1201",13,0,0
"1202",13,0.303030303030303,0.0507536557971917
"1203",13,0.606060606060606,0.0983847888038911
"1204",13,0.909090909090909,0.143085506335798
"1205",13,1.21212121212121,0.185036096668937
"1206",13,1.51515151515152,0.224405756183748
"1207",13,1.81818181818182,0.261353271773003
"1208",13,2.12121212121212,0.296027661265873
"1209",13,2.42424242424242,0.32856877445111
"1210",13,2.72727272727273,0.359107857123414
"1211",13,3.03030303030303,0.387768080427912
"1212",13,3.33333333333333,0.414665037637716
"1213",13,3.63636363636364,0.43990721036819
"1214",13,3.93939393939394,0.463596406108249
"1215",13,4.24242424242424,0.485828168833387
"1216",13,4.54545454545455,0.506692164356504
"1217",13,4.84848484848485,0.526272541970756
"1218",13,5.15151515151515,0.544648273843009
"1219",13,5.45454545454546,0.561893473526756
"1220",13,5.75757575757576,0.578077694879124
"1221",13,6.06060606060606,0.59326621258758
"1222",13,6.36363636363636,0.607520285437758
"1223",13,6.66666666666667,0.620897403384237
"1224",13,6.96969696969697,0.633451519420748
"1225",13,7.27272727272727,0.645233267185008
"1226",13,7.57575757575758,0.65629016517583
"1227",13,7.87878787878788,0.666666808406158
"1228",13,8.18181818181818,0.676405048265013
"1229",13,8.48484848484848,0.685544161313771
"1230",13,8.78787878787879,0.694121007697569
"1231",13,9.09090909090909,0.702170179810749
"1232",13,9.3939393939394,0.709724141815943
"1233",13,9.6969696969697,0.716813360579508
"1234",13,10,0.723466428551404
"1235",13,10.3030303030303,0.729710179085125
"1236",13,10.6060606060606,0.735569794662783
"1237",13,10.9090909090909,0.741068908461852
"1238",13,11.2121212121212,0.74622969967321
"1239",13,11.5151515151515,0.751072982954916
"1240",13,11.8181818181818,0.755618292382515
"1241",13,12.1212121212121,0.759883960234456
"1242",13,12.4242424242424,0.76388719093039
"1243",13,12.7272727272727,0.767644130420552
"1244",13,13.030303030303,0.77116993130609
"1245",13,13.3333333333333,0.774478813952992
"1246",13,13.6363636363636,0.777584123846095
"1247",13,13.9393939393939,0.780498385414492
"1248",13,14.2424242424242,0.783233352545438
"1249",13,14.5454545454545,0.785800055990477
"1250",13,14.8484848484848,0.788208847855008
"1251",13,15.1515151515152,0.790469443350697
"1252",13,15.4545454545455,0.79259095997917
"1253",13,15.7575757575758,0.794581954304987
"1254",13,16.0606060606061,0.796450456466241
"1255",13,16.3636363636364,0.798204002561948
"1256",13,16.6666666666667,0.799849665046868
"1257",13,16.969696969697,0.801394081256344
"1258",13,17.2727272727273,0.802843480176201
"1259",13,17.5757575757576,0.804203707565679
"1260",13,17.8787878787879,0.805480249534725
"1261",13,18.1818181818182,0.806678254670733
"1262",13,18.4848484848485,0.807802554803987
"1263",13,18.7878787878788,0.80885768449554
"1264",13,19.0909090909091,0.809847899326143
"1265",13,19.3939393939394,0.810777193059979
"1266",13,19.6969696969697,0.811649313752438
"1267",13,20,0.812467778866881
"1268",13,20.3030303030303,0.813235889461379
"1269",13,20.6060606060606,0.813956743502644
"1270",13,20.9090909090909,0.814633248360839
"1271",13,21.2121212121212,0.815268132535668
"1272",13,21.5151515151515,0.815863956661046
"1273",13,21.8181818181818,0.816423123832725
"1274",13,22.1212121212121,0.81694788930053
"1275",13,22.4242424242424,0.817440369564301
"1276",13,22.7272727272727,0.817902550910224
"1277",13,23.030303030303,0.81833629742198
"1278",13,23.3333333333333,0.818743358499021
"1279",13,23.6363636363636,0.819125375912307
"1280",13,23.9393939393939,0.819483890425937
"1281",13,24.2424242424242,0.819820348011412
"1282",13,24.5454545454545,0.820136105679567
"1283",13,24.8484848484848,0.82043243695371
"1284",13,25.1515151515152,0.820710537006032
"1285",13,25.4545454545455,0.820971527478014
"1286",13,25.7575757575758,0.821216461004264
"1287",13,26.0606060606061,0.821446325458032
"1288",13,26.3636363636364,0.821662047935537
"1289",13,26.6666666666667,0.82186449849515
"1290",13,26.969696969697,0.822054493666546
"1291",13,27.2727272727273,0.822232799743957
"1292",13,27.5757575757576,0.822400135876806
"1293",13,27.8787878787879,0.822557176970208
"1294",13,28.1818181818182,0.822704556407016
"1295",13,28.4848484848485,0.8228428686024
"1296",13,28.7878787878788,0.822972671401258
"1297",13,29.0909090909091,0.823094488328137
"1298",13,29.3939393939394,0.823208810698723
"1299",13,29.6969696969697,0.823316099601433
"1300",13,30,0.823416787757091
"1301",14,0,0
"1302",14,0.303030303030303,0.0505291502987679
"1303",14,0.606060606060606,0.0979840654632567
"1304",14,0.909090909090909,0.142551784491846
"1305",14,1.21212121212121,0.184407966776155
"1306",14,1.51515151515152,0.223717584445694
"1307",14,1.81818181818182,0.260635572589697
"1308",14,2.12121212121212,0.295307439918921
"1309",14,2.42424242424242,0.327869842274277
"1310",14,2.72727272727273,0.358451121242727
"1311",14,3.03030303030303,0.387171810003345
"1312",14,3.33333333333333,0.414145108397282
"1313",14,3.63636363636364,0.439477329094094
"1314",14,3.93939393939394,0.463268316612928
"1315",14,4.24242424242424,0.485611840850129
"1316",14,4.54545454545455,0.506595966664292
"1317",14,4.84848484848485,0.526303400975459
"1318",14,5.15151515151515,0.544811818746517
"1319",14,5.45454545454546,0.562194169131615
"1320",14,5.75757575757576,0.578518962998263
"1321",14,6.06060606060606,0.593850542956346
"1322",14,6.36363636363636,0.608249336958353
"1323",14,6.66666666666667,0.621772096470357
"1324",14,6.96969696969697,0.634472120152482
"1325",14,7.27272727272727,0.646399463930453
"1326",14,7.57575757575758,0.657601138286239
"1327",14,7.87878787878788,0.668121293545351
"1328",14,8.18181818181818,0.678001393891122
"1329",14,8.48484848484848,0.687280380791812
"1330",14,8.78787878787879,0.695994826484664
"1331",14,9.09090909090909,0.704179078121881
"1332",14,9.3939393939394,0.711865393146625
"1333",14,9.6969696969697,0.71908406643264
"1334",14,10,0.725863549688593
"1335",14,10.3030303030303,0.732230563597753
"1336",14,10.6060606060606,0.738210203135007
"1337",14,10.9090909090909,0.743826036476291
"1338",14,11.2121212121212,0.749100197890302
"1339",14,11.5151515151515,0.754053474978594
"1340",14,11.8181818181818,0.758705390607913
"1341",14,12.1212121212121,0.763074279857712
"1342",14,12.4242424242424,0.767177362286099
"1343",14,12.7272727272727,0.771030809799084
"1344",14,13.030303030303,0.77464981039059
"1345",14,13.3333333333333,0.778048628004475
"1346",14,13.6363636363636,0.781240658754505
"1347",14,13.9393939393939,0.784238483723843
"1348",14,14.2424242424242,0.787053918552189
"1349",14,14.5454545454545,0.789698060005991
"1350",14,14.8484848484848,0.79218132971528
"1351",14,15.1515151515152,0.794513515249533
"1352",14,15.4545454545455,0.796703808694434
"1353",14,15.7575757575758,0.798760842881603
"1354",14,16.0606060606061,0.800692725414068
"1355",14,16.3636363636364,0.802507070621614
"1356",14,16.6666666666667,0.804211029571924
"1357",14,16.969696969697,0.805811318255835
"1358",14,17.2727272727273,0.807314244057766
"1359",14,17.5757575757576,0.808725730615673
"1360",14,17.8787878787879,0.810051341168497
"1361",14,18.1818181818182,0.81129630048314
"1362",14,18.4848484848485,0.812465515447379
"1363",14,18.7878787878788,0.813563594409898
"1364",14,19.0909090909091,0.814594865343648
"1365",14,19.3939393939394,0.815563392904143
"1366",14,19.6969696969697,0.816472994449904
"1367",14,20,0.817327255088215
"1368",14,20.3030303030303,0.818129541805481
"1369",14,20.6060606060606,0.818883016737878
"1370",14,20.9090909090909,0.819590649634614
"1371",14,21.2121212121212,0.820255229562905
"1372",14,21.5151515151515,0.820879375900823
"1373",14,21.8181818181818,0.821465548661318
"1374",14,22.1212121212121,0.822016058188127
"1375",14,22.4242424242424,0.82253307426177
"1376",14,22.7272727272727,0.823018634651532
"1377",14,23.030303030303,0.823474653147135
"1378",14,23.3333333333333,0.823902927101761
"1379",14,23.6363636363636,0.824305144516139
"1380",14,23.9393939393939,0.824682890691646
"1381",14,24.2424242424242,0.825037654478617
"1382",14,24.5454545454545,0.825370834144505
"1383",14,24.8484848484848,0.82568374288502
"1384",14,25.1515151515152,0.825977613999961
"1385",14,25.4545454545455,0.826253605754154
"1386",14,25.7575757575758,0.826512805942636
"1387",14,26.0606060606061,0.826756236178101
"1388",14,26.3636363636364,0.826984855917483
"1389",14,26.6666666666667,0.827199566243564
"1390",14,26.969696969697,0.82740121341651
"1391",14,27.2727272727273,0.827590592209321
"1392",14,27.5757575757576,0.827768449040351
"1393",14,27.8787878787879,0.827935484915248
"1394",14,28.1818181818182,0.828092358189899
"1395",14,28.4848484848485,0.828239687165274
"1396",14,28.7878787878788,0.828378052524406
"1397",14,29.0909090909091,0.828507999621091
"1398",14,29.3939393939394,0.828630040629353
"1399",14,29.6969696969697,0.828744656562125
"1400",14,30,0.828852299167117
"1401",15,0,0
"1402",15,0.303030303030303,0.0591108837437049
"1403",15,0.606060606060606,0.114381798084986
"1404",15,0.909090909090909,0.166062195647077
"1405",15,1.21212121212121,0.214385324077413
"1406",15,1.51515151515152,0.259569278757506
"1407",15,1.81818181818182,0.301817987126541
"1408",15,2.12121212121212,0.341322129061204
"1409",15,2.42424242424242,0.378259997465669
"1410",15,2.72727272727273,0.412798302955817
"1411",15,3.03030303030303,0.44509292626945
"1412",15,3.33333333333333,0.475289621798332
"1413",15,3.63636363636364,0.503524675417275
"1414",15,3.93939393939394,0.529925519579247
"1415",15,4.24242424242424,0.554611308452592
"1416",15,4.54545454545455,0.577693455696091
"1417",15,4.84848484848485,0.599276137299022
"1418",15,5.15151515151515,0.619456761755644
"1419",15,5.45454545454546,0.638326409696144
"1420",15,5.75757575757576,0.655970244958218
"1421",15,6.06060606060606,0.672467898954561
"1422",15,6.36363636363636,0.68789383007103
"1423",15,6.66666666666667,0.702317659717523
"1424",15,6.96969696969697,0.715804486548283
"1425",15,7.27272727272727,0.728415180269776
"1426",15,7.57575757575758,0.74020665636218
"1427",15,7.87878787878788,0.751232132954381
"1428",15,8.18181818181818,0.761541371011818
"1429",15,8.48484848484848,0.771180898921213
"1430",15,8.78787878787879,0.780194222485798
"1431",15,9.09090909090909,0.788622021278799
"1432",15,9.3939393939394,0.796502332241382
"1433",15,9.6969696969697,0.803870721353683
"1434",15,10,0.810760444153718
"1435",15,10.3030303030303,0.817202595828645
"1436",15,10.6060606060606,0.823226251555774
"1437",15,10.9090909090909,0.828858597726727
"1438",15,11.2121212121212,0.834125054646994
"1439",15,11.5151515151515,0.839049391264668
"1440",15,11.8181818181818,0.843653832446146
"1441",15,12.1212121212121,0.847959159282983
"1442",15,12.4242424242424,0.851984802882591
"1443",15,12.7272727272727,0.855748932066097
"1444",15,13.030303030303,0.859268535369155
"1445",15,13.3333333333333,0.862559497715821
"1446",15,13.6363636363636,0.865636672111514
"1447",15,13.9393939393939,0.868513946678664
"1448",15,14.2424242424242,0.871204307337571
"1449",15,14.5454545454545,0.873719896415385
"1450",15,14.8484848484848,0.876072067447721
"1451",15,15.1515151515152,0.878271436420244
"1452",15,15.4545454545455,0.880327929681489
"1453",15,15.7575757575758,0.882250828743166
"1454",15,16.0606060606061,0.884048812170139
"1455",15,16.3636363636364,0.88572999474914
"1456",15,16.6666666666667,0.887301964113004
"1457",15,16.969696969697,0.888771814985712
"1458",15,17.2727272727273,0.890146181202806
"1459",15,17.5757575757576,0.891431265651685
"1460",15,17.8787878787879,0.89263286826692
"1461",15,18.1818181818182,0.893756412206931
"1462",15,18.4848484848485,0.89480696833017
"1463",15,18.7878787878788,0.895789278081281
"1464",15,19.0909090909091,0.896707774890527
"1465",15,19.3939393939394,0.897566604183059
"1466",15,19.6969696969697,0.898369642088348
"1467",15,20,0.899120512934205
"1468",15,20.3030303030303,0.899822605604359
"1469",15,20.6060606060606,0.900479088833403
"1470",15,20.9090909090909,0.901092925508156
"1471",15,21.2121212121212,0.901666886039975
"1472",15,21.5151515151515,0.902203560868371
"1473",15,21.8181818181818,0.902705372152363
"1474",15,22.1212121212121,0.903174584702345
"1475",15,22.4242424242424,0.903613316201781
"1476",15,22.7272727272727,0.904023546764892
"1477",15,23.030303030303,0.904407127873443
"1478",15,23.3333333333333,0.904765790732987
"1479",15,23.6363636363636,0.905101154086261
"1480",15,23.9393939393939,0.905414731519012
"1481",15,24.2424242424242,0.905707938291221
"1482",15,24.5454545454545,0.905982097724556
"1483",15,24.8484848484848,0.906238447174876
"1484",15,25.1515151515152,0.906478143616763
"1485",15,25.4545454545455,0.906702268865251
"1486",15,25.7575757575758,0.906911834458359
"1487",15,26.0606060606061,0.907107786222433
"1488",15,26.3636363636364,0.907291008540917
"1489",15,26.6666666666667,0.907462328345816
"1490",15,26.969696969697,0.907622518849862
"1491",15,27.2727272727273,0.907772303036236
"1492",15,27.5757575757576,0.907912356921586
"1493",15,27.8787878787879,0.908043312607072
"1494",15,28.1818181818182,0.908165761131211
"1495",15,28.4848484848485,0.908280255137396
"1496",15,28.7878787878788,0.908387311368121
"1497",15,29.0909090909091,0.908487412997183
"1498",15,29.3939393939394,0.908581011810379
"1499",15,29.6969696969697,0.908668530244531
"1500",15,30,0.908750363294063
"1501",16,0,0
"1502",16,0.303030303030303,0.0266137713595705
"1503",16,0.606060606060606,0.0523414497052713
"1504",16,0.909090909090909,0.0772125370876995
"1505",16,1.21212121212121,0.101255553300538
"1506",16,1.51515151515152,0.124498068584338
"1507",16,1.81818181818182,0.146966735241445
"1508",16,2.12121212121212,0.168687318198319
"1509",16,2.42424242424242,0.189684724550298
"1510",16,2.72727272727273,0.209983032122682
"1511",16,3.03030303030303,0.229605517080892
"1512",16,3.33333333333333,0.248574680621356
"1513",16,3.63636363636364,0.266912274773735
"1514",16,3.93939393939394,0.284639327344087
"1515",16,4.24242424242424,0.301776166027543
"1516",16,4.54545454545455,0.318342441718176
"1517",16,4.84848484848485,0.334357151042773
"1518",16,5.15151515151515,0.349838658144358
"1519",16,5.45454545454546,0.364804715740438
"1520",16,5.75757575757576,0.379272485480134
"1521",16,6.06060606060606,0.393258557623521
"1522",16,6.36363636363636,0.40677897006576
"1523",16,6.66666666666667,0.419849226727826
"1524",16,6.96969696969697,0.432484315334931
"1525",16,7.27272727272727,0.444698724603015
"1526",16,7.57575757575758,0.45650646085303
"1527",16,7.87878787878788,0.467921064072052
"1528",16,8.18181818181818,0.478955623439647
"1529",16,8.48484848484848,0.489622792337299
"1530",16,8.78787878787879,0.4999348028581
"1531",16,9.09090909090909,0.509903479833346
"1532",16,9.3939393939394,0.519540254392135
"1533",16,9.6969696969697,0.52885617706949
"1534",16,10,0.537861930478062
"1535",16,10.3030303030303,0.546567841557933
"1536",16,10.6060606060606,0.554983893418567
"1537",16,10.9090909090909,0.563119736786488
"1538",16,11.2121212121212,0.570984701071814
"1539",16,11.5151515151515,0.578587805066338
"1540",16,11.8181818181818,0.585937767285417
"1541",16,12.1212121212121,0.593043015965533
"1542",16,12.4242424242424,0.599911698728997
"1543",16,12.7272727272727,0.60655169192686
"1544",16,13.030303030303,0.61297060967077
"1545",16,13.3333333333333,0.619175812564098
"1546",16,13.6363636363636,0.625174416142391
"1547",16,13.9393939393939,0.630973299032778
"1548",16,14.2424242424242,0.636579110841731
"1549",16,14.5454545454545,0.641998279780199
"1550",16,14.8484848484848,0.647237020034868
"1551",16,15.1515151515152,0.652301338893995
"1552",16,15.4545454545455,0.657197043636001
"1553",16,15.7575757575758,0.661929748188697
"1554",16,16.0606060606061,0.666504879566806
"1555",16,16.3636363636364,0.670927684095146
"1556",16,16.6666666666667,0.675203233424614
"1557",16,16.969696969697,0.679336430347875
"1558",16,17.2727272727273,0.683332014421413
"1559",16,17.5757575757576,0.687194567400408
"1560",16,17.8787878787879,0.690928518492653
"1561",16,18.1818181818182,0.694538149437547
"1562",16,18.4848484848485,0.698027599415989
"1563",16,18.7878787878788,0.701400869796795
"1564",16,19.0909090909091,0.704661828725085
"1565",16,19.3939393939394,0.707814215557904
"1566",16,19.6969696969697,0.710861645152164
"1567",16,20,0.71380761200981
"1568",16,20.3030303030303,0.71665549428499
"1569",16,20.6060606060606,0.719408557657796
"1570",16,20.9090909090909,0.722069959079034
"1571",16,21.2121212121212,0.724642750390319
"1572",16,21.5151515151515,0.72712988182363
"1573",16,21.8181818181818,0.72953420538436
"1574",16,22.1212121212121,0.731858478121723
"1575",16,22.4242424242424,0.734105365290274
"1576",16,22.7272727272727,0.736277443406169
"1577",16,23.030303030303,0.73837720320167
"1578",16,23.3333333333333,0.740407052481278
"1579",16,23.6363636363636,0.742369318882775
"1580",16,23.9393939393939,0.744266252546336
"1581",16,24.2424242424242,0.746100028694777
"1582",16,24.5454545454545,0.747872750127891
"1583",16,24.8484848484848,0.74958644963374
"1584",16,25.1515151515152,0.751243092319664
"1585",16,25.4545454545455,0.752844577865675
"1586",16,25.7575757575758,0.754392742702834
"1587",16,26.0606060606061,0.75588936211909
"1588",16,26.3636363636364,0.757336152295017
"1589",16,26.6666666666667,0.758734772271759
"1590",16,26.969696969697,0.760086825853469
"1591",16,27.2727272727273,0.76139386344639
"1592",16,27.5757575757576,0.762657383836721
"1593",16,27.8787878787879,0.763878835909277
"1594",16,28.1818181818182,0.765059620308933
"1595",16,28.4848484848485,0.766201091046753
"1596",16,28.7878787878788,0.767304557052637
"1597",16,29.0909090909091,0.76837128367628
"1598",16,29.3939393939394,0.769402494138153
"1599",16,29.6969696969697,0.770399370932176
"1600",16,30,0.771363057181689
"1601",17,0,0
"1602",17,0.303030303030303,0.0225486701124736
"1603",17,0.606060606060606,0.0444054972022828
"1604",17,0.909090909090909,0.0655917085420612
"1605",17,1.21212121212121,0.0861278801048147
"1606",17,1.51515151515152,0.106033956547232
"1607",17,1.81818181818182,0.125329270579866
"1608",17,2.12121212121212,0.144032561742991
"1609",17,2.42424242424242,0.162161994606379
"1610",17,2.72727272727273,0.179735176410665
"1611",17,3.03030303030303,0.196769174167437
"1612",17,3.33333333333333,0.213280531234655
"1613",17,3.63636363636364,0.229285283383503
"1614",17,3.93939393939394,0.244798974372272
"1615",17,4.24242424242424,0.259836671042405
"1616",17,4.54545454545455,0.274412977951356
"1617",17,4.84848484848485,0.288542051556485
"1618",17,5.15151515151515,0.302237613963762
"1619",17,5.45454545454546,0.315512966254626
"1620",17,5.75757575757576,0.328381001403945
"1621",17,6.06060606060606,0.340854216801631
"1622",17,6.36363636363636,0.352944726390059
"1623",17,6.66666666666667,0.364664272429085
"1624",17,6.96969696969697,0.376024236900088
"1625",17,7.27272727272727,0.387035652560106
"1626",17,7.57575757575758,0.397709213656815
"1627",17,7.87878787878788,0.408055286314743
"1628",17,8.18181818181818,0.41808391860281
"1629",17,8.48484848484848,0.427804850292981
"1630",17,8.78787878787879,0.437227522319495
"1631",17,9.09090909090909,0.44636108594787
"1632",17,9.3939393939394,0.455214411662575
"1633",17,9.6969696969697,0.463796097782016
"1634",17,10,0.472114478809191
"1635",17,10.3030303030303,0.480177633526131
"1636",17,10.6060606060606,0.487993392839983
"1637",17,10.9090909090909,0.495569347388358
"1638",17,11.2121212121212,0.502912854911337
"1639",17,11.5151515151515,0.510031047397272
"1640",17,11.8181818181818,0.516930838009358
"1641",17,12.1212121212121,0.523618927799666
"1642",17,12.4242424242424,0.530101812217182
"1643",17,12.7272727272727,0.536385787416167
"1644",17,13.030303030303,0.542476956370955
"1645",17,13.3333333333333,0.548381234803144
"1646",17,13.6363636363636,0.55410435692692
"1647",17,13.9393939393939,0.559651881018111
"1648",17,14.2424242424242,0.565029194812356
"1649",17,14.5454545454545,0.570241520737664
"1650",17,14.8484848484848,0.575293920986412
"1651",17,15.1515151515152,0.580191302431728
"1652",17,15.4545454545455,0.584938421393032
"1653",17,15.7575757575758,0.589539888255354
"1654",17,16.0606060606061,0.594000171946924
"1655",17,16.3636363636364,0.59832360427938
"1656",17,16.6666666666667,0.602514384154806
"1657",17,16.969696969697,0.606576581643693
"1658",17,17.2727272727273,0.610514141937776
"1659",17,17.5757575757576,0.614330889181591
"1660",17,17.8787878787879,0.618030530186469
"1661",17,18.1818181818182,0.621616658030579
"1662",17,18.4848484848485,0.625092755548511
"1663",17,18.7878787878788,0.628462198713798
"1664",17,19.0909090909091,0.631728259917641
"1665",17,19.3939393939394,0.63489411114705
"1666",17,19.6969696969697,0.637962827065467
"1667",17,20,0.640937387998861
"1668",17,20.3030303030303,0.64382068283022
"1669",17,20.6060606060606,0.646615511805216
"1670",17,20.9090909090909,0.649324589251795
"1671",17,21.2121212121212,0.651950546216327
"1672",17,21.5151515151515,0.654495933018864
"1673",17,21.8181818181818,0.656963221730005
"1674",17,22.1212121212121,0.659354808571759
"1675",17,22.4242424242424,0.661673016244749
"1676",17,22.7272727272727,0.663920096184014
"1677",17,23.030303030303,0.666098230745586
"1678",17,23.3333333333333,0.668209535325997
"1679",17,23.6363636363636,0.670256060416735
"1680",17,23.9393939393939,0.67223979359568
"1681",17,24.2424242424242,0.674162661457433
"1682",17,24.5454545454545,0.676026531484412
"1683",17,24.8484848484848,0.67783321386055
"1684",17,25.1515151515152,0.679584463229337
"1685",17,25.4545454545455,0.681281980397924
"1686",17,25.7575757575758,0.682927413988938
"1687",17,26.0606060606061,0.684522362041625
"1688",17,26.3636363636364,0.686068373563854
"1689",17,26.6666666666667,0.687566950036508
"1690",17,26.969696969697,0.689019546871722
"1691",17,27.2727272727273,0.690427574826369
"1692",17,27.5757575757576,0.691792401372184
"1693",17,27.8787878787879,0.693115352023849
"1694",17,28.1818181818182,0.694397711626324
"1695",17,28.4848484848485,0.69564072560269
"1696",17,28.7878787878788,0.696845601163693
"1697",17,29.0909090909091,0.698013508480187
"1698",17,29.3939393939394,0.6991455818196
"1699",17,29.6969696969697,0.700242920647527
"1700",17,30,0.701306590695529
"1701",18,0,0
"1702",18,0.303030303030303,0.0221358676365757
"1703",18,0.606060606060606,0.0435890589890774
"1704",18,0.909090909090909,0.0643806279830385
"1705",18,1.21212121212121,0.0845309792351023
"1706",18,1.51515151515152,0.104059888077888
"1707",18,1.81818181818182,0.122986519967282
"1708",18,2.12121212121212,0.141329449291211
"1709",18,2.42424242424242,0.159106677598334
"1710",18,2.72727272727273,0.176335651264569
"1711",18,3.03030303030303,0.193033278614771
"1712",18,3.33333333333333,0.209215946516379
"1713",18,3.63636363636364,0.224899536461304
"1714",18,3.93939393939394,0.24009944015185
"1715",18,4.24242424242424,0.254830574605966
"1716",18,4.54545454545455,0.269107396796635
"1717",18,4.84848484848485,0.282943917839793
"1718",18,5.15151515151515,0.296353716744686
"1719",18,5.45454545454546,0.309349953740154
"1720",18,5.75757575757576,0.321945383189937
"1721",18,6.06060606060606,0.334152366109669
"1722",18,6.36363636363636,0.34598288229784
"1723",18,6.66666666666667,0.357448542092641
"1724",18,6.96969696969697,0.368560597766217
"1725",18,7.27272727272727,0.379329954567529
"1726",18,7.57575757575758,0.389767181424639
"1727",18,7.87878787878788,0.399882521316945
"1728",18,8.18181818181818,0.409685901327523
"1729",18,8.48484848484848,0.419186942385464
"1730",18,8.78787878787879,0.428394968707738
"1731",18,9.09090909090909,0.437319016949887
"1732",18,9.3939393939394,0.445967845074494
"1733",18,9.6969696969697,0.45434994094615
"1734",18,10,0.462473530661357
"1735",18,10.3030303030303,0.470346586621521
"1736",18,10.6060606060606,0.477976835356984
"1737",18,10.9090909090909,0.485371765109753
"1738",18,11.2121212121212,0.49253863318238
"1739",18,11.5151515151515,0.499484473060196
"1740",18,11.8181818181818,0.5062161013139
"1741",18,12.1212121212121,0.512740124289264
"1742",18,12.4242424242424,0.519062944590526
"1743",18,12.7272727272727,0.525190767363839
"1744",18,13.030303030303,0.531129606386932
"1745",18,13.3333333333333,0.536885289970963
"1746",18,13.6363636363636,0.54246346668036
"1747",18,13.9393939393939,0.547869610876265
"1748",18,14.2424242424242,0.553109028089002
"1749",18,14.5454545454545,0.558186860224876
"1750",18,14.8484848484848,0.563108090612375
"1751",18,15.1515151515152,0.56787754889276
"1752",18,15.4545454545455,0.572499915759817
"1753",18,15.7575757575758,0.576979727553441
"1754",18,16.0606060606061,0.58132138071155
"1755",18,16.3636363636364,0.585529136084699
"1756",18,16.6666666666667,0.589607123117631
"1757",18,16.969696969697,0.593559343901874
"1758",18,17.2727272727273,0.597389677103343
"1759",18,17.5757575757576,0.601101881768824
"1760",18,17.8787878787879,0.604699601015058
"1761",18,18.1818181818182,0.60818636560406
"1762",18,18.4848484848485,0.611565597408165
"1763",18,18.7878787878788,0.61484061276822
"1764",18,19.0909090909091,0.618014625748202
"1765",18,19.3939393939394,0.621090751289464
"1766",18,19.6969696969697,0.624072008267707
"1767",18,20,0.62696132245567
"1768",18,20.3030303030303,0.629761529394451
"1769",18,20.6060606060606,0.632475377176275
"1770",18,20.9090909090909,0.635105529141443
"1771",18,21.2121212121212,0.637654566492103
"1772",18,21.5151515151515,0.640124990825416
"1773",18,21.8181818181818,0.642519226588593
"1774",18,22.1212121212121,0.644839623458222
"1775",18,22.4242424242424,0.647088458646215
"1776",18,22.7272727272727,0.64926793913464
"1777",18,23.030303030303,0.651380203841624
"1778",18,23.3333333333333,0.65342732572047
"1779",18,23.6363636363636,0.655411313794026
"1780",18,23.9393939393939,0.657334115126319
"1781",18,24.2424242424242,0.659197616733384
"1782",18,24.5454545454545,0.661003647435157
"1783",18,24.8484848484848,0.662753979650264
"1784",18,25.1515151515152,0.664450331135448
"1785",18,25.4545454545455,0.666094366671359
"1786",18,25.7575757575758,0.667687699696351
"1787",18,26.0606060606061,0.669231893889893
"1788",18,26.3636363636364,0.670728464707146
"1789",18,26.6666666666667,0.672178880866215
"1790",18,26.969696969697,0.673584565789532
"1791",18,27.2727272727273,0.674946899000786
"1792",18,27.5757575757576,0.676267217478776
"1793",18,27.8787878787879,0.677546816969503
"1794",18,28.1818181818182,0.678786953257803
"1795",18,28.4848484848485,0.679988843399761
"1796",18,28.7878787878788,0.681153666917115
"1797",18,29.0909090909091,0.682282566954825
"1798",18,29.3939393939394,0.683376651402947
"1799",18,29.6969696969697,0.684436993983897
"1800",18,30,0.685464635306198
